😀	smileys	grinning face face smile happy joy :d grin smiley
😃	smileys	grinning face with big eyes face happy joy haha :d :) smile funny mouth open smiley smiling
😄	smileys	grinning face with smiling eyes face happy joy funny haha laugh like :d :) smile eye grin mouth open pleased smiley
😁	smileys	beaming face with smiling eyes face happy smile joy kawaii eye grin grinning
😆	smileys	grinning squinting face happy joy lol satisfied haha face glad xd laugh big closed eyes grin laughing mouth open smile smiling tightly
😅	smileys	grinning face with sweat face hot happy laugh sweat smile relief cold exercise mouth open smiling
🤣	smileys	rolling on the floor laughing face rolling floor laughing lol haha rofl laugh rotfl
😂	smileys	face with tears of joy face cry tears weep happy happytears haha crying laugh laughing lol tear
🙂	smileys	slightly smiling face face smile fine happy this
🙃	smileys	upside-down face upside down face face flipped silly smile sarcasm
🫠	smileys	melting face hot heat disappear dissolve dread liquid melt sarcasm
😉	smileys	winking face face happy mischievous secret ;) smile eye flirt wink winky
😊	smileys	smiling face with smiling eyes face smile happy flushed crush embarrassed shy joy ^^ blush eye proud smiley
😇	smileys	smiling face with halo face angel heaven halo innocent fairy fantasy smile tale
🥰	smileys	smiling face with hearts face love like affection valentines infatuation crush hearts adore eyes three
😍	smileys	smiling face with heart-eyes smiling face with heart eyes face love like affection valentines infatuation crush heart eye shaped smile
🤩	smileys	star-struck star struck face smile starry eyes grinning excited eyed wow
😘	smileys	face blowing a kiss face love like affection valentines infatuation kiss blow flirt heart kissing throwing
😗	smileys	kissing face love like face 3 valentines infatuation kiss duck kissy whistling
☺️	smileys	smiling face face blush massage happiness happy outlined pleased relaxed smile smiley white
😚	smileys	kissing face with closed eyes face love like affection valentines infatuation kiss eye kissy
😙	smileys	kissing face with smiling eyes face affection valentines infatuation kiss eye kissy smile whistle whistling
🥲	smileys	smiling face with tear sad cry pretend grateful happy proud relieved smile touched
😋	smileys	face savoring food happy joy tongue smile face silly yummy nom delicious savouring goofy hungry lick licking lips smiling um yum
😛	smileys	face with tongue face prank childish playful mischievous smile tongue cheeky out stuck
😜	smileys	winking face with tongue face prank childish playful mischievous smile wink tongue crazy eye joke out silly stuck
🤪	smileys	zany face face goofy crazy excited eye eyes grinning large one small wacky wild
😝	smileys	squinting face with tongue face prank playful mischievous smile tongue closed eye eyes horrible out stuck taste tightly
🤑	smileys	money-mouth face money mouth face face rich dollar money eyes sign
🤗	smileys	smiling face with open hands hugging face face smile hug hands hugs open smiling
🤭	smileys	face with hand over mouth face whoops shock surprise blushing covering eyes quiet smiling
🫢	smileys	face with open eyes and hand over mouth silence secret shock surprise amazement awe disbelief embarrass gasp scared
🫣	smileys	face with peeking eye scared frightening embarrassing shy captivated peep stare
🤫	smileys	shushing face face quiet shhh closed covering finger hush lips shh shush silence
🤔	smileys	thinking face face hmmm think consider chin shade thinker throwing thumb
🫡	smileys	saluting face respect salute ok sunny troops yes
🤐	smileys	zipper-mouth face zipper mouth face face sealed zipper secret hush lips silence zip
🤨	smileys	face with raised eyebrow face distrust scepticism disapproval disbelief surprise suspicious colbert mild one rock skeptic
😐	smileys	neutral face indifference meh :| neutral deadpan faced mouth straight
😑	smileys	expressionless face face indifferent - - meh deadpan inexpressive mouth straight unexpressive
😶	smileys	face without mouth face blank mouthless mute no quiet silence silent
🫥	smileys	dotted line face invisible lonely isolation depression depressed disappear hide introvert
😶‍🌫️	smileys	face in clouds shower steam dream absentminded brain fog forgetful haze head impractical unrealistic
😏	smileys	smirking face face smile mean prank smug sarcasm flirting sexual smirk suggestive
😒	smileys	unamused face indifference bored straight face serious sarcasm unimpressed skeptical dubious ugh side eye dissatisfied meh unhappy
🙄	smileys	face with rolling eyes face eyeroll frustrated eye roll
😬	smileys	grimacing face face grimace teeth awkward eek nervous
😮‍💨	smileys	face exhaling relieve relief tired sigh exhale gasp groan whisper whistle
🤥	smileys	lying face face lie pinocchio liar long nose
🫨	smileys	shaking face dizzy shock blurry earthquake
🙂‍↔️	smileys	head shaking horizontally disapprove indiffernt left
🙂‍↕️	smileys	head shaking vertically down nod
😌	smileys	relieved face face relaxed phew massage happiness content pleased whew
😔	smileys	pensive face face sad depressed upset dejected sadface sorrowful
😪	smileys	sleepy face face tired rest nap bubble side sleep snot tear
🤤	smileys	drooling face face drool
😴	smileys	sleeping face face tired sleepy night zzz sleep snoring
🫩	smileys	face with bags under eyes tired sleepy exhausted
😷	smileys	face with medical mask face sick ill disease covid cold coronavirus doctor medicine surgical
🤒	smileys	face with thermometer sick temperature thermometer cold fever covid ill
🤕	smileys	face with head-bandage face with head bandage injured clumsy bandage hurt bandaged injury
🤢	smileys	nauseated face face vomit gross green sick throw up ill barf disgust disgusted green face
🤮	smileys	face vomiting face sick barf ill mouth open puke spew throwing up vomit
🤧	smileys	sneezing face face gesundheit sneeze sick allergy achoo
🥵	smileys	hot face face feverish heat red sweating overheated stroke
🥶	smileys	cold face face blue freezing frozen frostbite icicles ice
🥴	smileys	woozy face face dizzy intoxicated tipsy wavy drunk eyes groggy mouth uneven
😵	smileys	face with crossed-out eyes dizzy face spent unconscious xox dizzy cross crossed dead eyes knocked out spiral eyes
😵‍💫	smileys	face with spiral eyes sick ill confused nauseous nausea dizzy hypnotized trouble whoa
🤯	smileys	exploding head face shocked mind blown blowing explosion mad
🤠	smileys	cowboy hat face face cowgirl hat
🥳	smileys	partying face face celebration woohoo birthday hat horn party
🥸	smileys	disguised face pretent brows glasses moustache disguise incognito nose
😎	smileys	smiling face with sunglasses face cool smile summer beach sunglass best bright eye eyewear friends glasses mutual snapchat sun weather
🤓	smileys	nerd face face nerdy geek dork glasses smiling
🧐	smileys	face with monocle face stuffy wealthy rich exploration inspection
😕	smileys	confused face face indifference huh weird hmmm :/ meh nonplussed puzzled s
🫤	smileys	face with diagonal mouth skeptic confuse frustrated indifferent confused disappointed meh skeptical unsure
😟	smileys	worried face face concern nervous :( sad sadface
🙁	smileys	slightly frowning face face frowning disappointed sad upset frown unhappy
☹️	smileys	frowning face face sad upset frown megafrown unhappy white
😮	smileys	face with open mouth face surprise impressed wow whoa :o surprised sympathy
😯	smileys	hushed face face woo shh silence speechless stunned surprise surprised
😲	smileys	astonished face face xox surprised poisoned amazed drunk face gasp gasping shocked totally
😳	smileys	flushed face face blush shy flattered blushing dazed embarrassed eyes open shame wide
🫪	smileys	distorted face surprised fluttered wide-eyed
🥺	smileys	pleading face face begging mercy cry tears sad grievance eyes glossy puppy simp
🥹	smileys	face holding back tears touched gratitude cry angry proud resist sad
😦	smileys	frowning face with open mouth face aw what frown yawning
😧	smileys	anguished face face stunned nervous pained
😨	smileys	fearful face face scared terrified nervous fear oops shocked surprised
😰	smileys	anxious face with sweat face nervous sweat blue cold concerned face mouth open rushed
😥	smileys	sad but relieved face face phew sweat nervous disappointed eyebrow whew
😢	smileys	crying face face tears sad depressed upset :'( cry tear
😭	smileys	loudly crying face sobbing face cry tears sad upset depressed bawling sob tear
😱	smileys	face screaming in fear face munch scared omg alone fearful home horror scream shocked
😖	smileys	confounded face face confused sick unwell oops :s mouth quivering scrunched
😣	smileys	persevering face face sick no upset oops eyes helpless persevere scrunched struggling
😞	smileys	disappointed face face sad upset depressed :( sadface
😓	smileys	downcast face with sweat face hot sad tired exercise cold hard work
😩	smileys	weary face face tired sleepy sad frustrated upset distraught wailing
😫	smileys	tired face sick whine upset frustrated distraught exhausted fed up
🥱	smileys	yawning face tired sleepy bored yawn
😤	smileys	face with steam from nose face gas phew proud pride triumph airing frustrated grievances look mad smug steaming won
😡	smileys	enraged face pouting face angry mad hate despise enraged grumpy pout rage red
😠	smileys	angry face mad face annoyed frustrated anger grumpy
🤬	smileys	face with symbols on mouth face swearing cursing cussing profanity expletive covering foul grawlix over serious
😈	smileys	smiling face with horns devil horns evil fairy fantasy happy imp purple red devil smile tale
👿	smileys	angry face with horns devil angry horns demon evil fairy fantasy goblin imp purple sad tale
💀	smileys	skull dead skeleton creepy death body danger face fairy grey halloween monster poison tale
☠️	smileys	skull and crossbones poison danger deadly scary death pirate evil body face halloween monster
💩	smileys	pile of poo hankey shitface fail turd shit comic crap dirt dog dung face monster poop smiling bad needs improvement
🤡	smileys	clown face face mock
👹	smileys	ogre monster red mask halloween scary creepy devil demon japanese ogre creature face fairy fantasy oni tale shrek
👺	smileys	goblin red evil mask monster scary creepy japanese goblin creature face fairy fantasy long nose tale tengu
👻	smileys	ghost halloween spooky scary creature disappear face fairy fantasy ghoul monster tale
👽	smileys	alien ufo paul weird outer space creature et extraterrestrial face fairy fantasy monster tale external
👾	smileys	alien monster game arcade play creature extraterrestrial face fairy fantasy invader retro space tale ufo video
🤖	smileys	robot computer machine bot face monster
😺	smileys	grinning cat animal cats happy smile face mouth open smiley smiling
😸	smileys	grinning cat with smiling eyes animal cats smile eye face grin happy
😹	smileys	cat with tears of joy animal cats haha happy tears face laughing tear
😻	smileys	smiling cat with heart-eyes smiling cat with heart eyes animal love like affection cats valentines heart eye face loving cat shaped smile
😼	smileys	cat with wry smile animal cats smirk face ironic smirking
😽	smileys	kissing cat animal cats kiss closed eye eyes face
🙀	smileys	weary cat animal cats munch scared scream face fear horror oh screaming surprised
😿	smileys	crying cat animal tears weep sad cats upset cry face sad cat tear
😾	smileys	pouting cat animal cats face grumpy
🙈	smileys	see-no-evil monkey see no evil monkey monkey animal nature haha blind covering eyes face forbidden gesture ignore mizaru not prohibited
🙉	smileys	hear-no-evil monkey hear no evil monkey animal monkey nature covering deaf ears face forbidden gesture kikazaru not prohibited
🙊	smileys	speak-no-evil monkey speak no evil monkey monkey animal nature omg covering face forbidden gesture hush iwazaru mouth mute not no speaking prohibited ignore
💌	smileys	love letter email like affection envelope valentines heart mail note romance
💘	smileys	heart with arrow love like heart affection valentines cupid lovestruck romance
💝	smileys	heart with ribbon love valentines box chocolate chocolates gift valentine
💖	smileys	sparkling heart love like affection valentines excited sparkle sparkly stars heart
💗	smileys	growing heart like love affection valentines pink excited heartpulse multiple nervous pulse triple
💓	smileys	beating heart love like affection valentines pink heart alarm heartbeat pulsating wifi
💞	smileys	revolving hearts love like affection valentines heart two
💕	smileys	two hearts love like affection valentines heart pink small
💟	smileys	heart decoration purple-square love like
❣️	smileys	heart exclamation decoration love above an as dot heavy mark ornament punctuation red
💔	smileys	broken heart sad sorry break heart heartbreak breaking brokenhearted
❤️‍🔥	smileys	heart on fire passionate enthusiastic burn love lust sacred
❤️‍🩹	smileys	mending heart broken heart bandage wounded bandaged healing healthier improving recovering recuperating unbroken well
❤️	smileys	red heart love like valentines black heavy
🩷	smileys	pink heart valentines
🧡	smileys	orange heart love like affection valentines
💛	smileys	yellow heart love like affection valentines bf gold snapchat
💚	smileys	green heart love like affection valentines nct
💙	smileys	blue heart love like affection valentines brand neutral
🩵	smileys	light blue heart ice baby blue
💜	smileys	purple heart love like affection valentines bts emoji
🤎	smileys	brown heart coffee
🖤	smileys	black heart evil dark wicked
🩶	smileys	grey heart silver monochrome
🤍	smileys	white heart pure
💋	smileys	kiss mark face lips love like affection valentines heart kissing lipstick romance
💯	smileys	hundred points score perfect numbers century exam quiz test pass hundred 100 full keep symbol
💢	smileys	anger symbol angry mad comic pop sign vein
🫯	smileys	fight cloud brawl conflict
💥	smileys	collision bomb explode explosion blown bang boom comic impact red spark symbol break
💫	smileys	dizzy star sparkle shoot magic circle comic symbol animations transitions
💦	smileys	sweat droplets water drip oops comic drops plewds splashing symbol workout
💨	smileys	dashing away wind air fast shoo fart smoke puff blow comic dash gust running steam symbol vaping
🕳️	smileys	hole embarrassing
💬	smileys	speech balloon bubble words message talk chatting chat comic comment dialog text literals
👁️‍🗨️	smileys	eye in speech bubble info am i witness
🗨️	smileys	left speech bubble words message talk chatting dialog
🗯️	smileys	right anger bubble caption speech thinking mad angry balloon zag zig
💭	smileys	thought balloon bubble cloud speech thinking dream comic
💤	smileys	zzz sleepy tired dream bedtime boring comic sign sleep sleeping symbol
👋	people	waving hand wave hands gesture goodbye solong farewell hello hi palm body sign
👋🏻	people	waving hand: light skin tone
👋🏼	people	waving hand: medium-light skin tone
👋🏽	people	waving hand: medium skin tone
👋🏾	people	waving hand: medium-dark skin tone
👋🏿	people	waving hand: dark skin tone
🤚	people	raised back of hand fingers raised backhand body
🤚🏻	people	raised back of hand: light skin tone
🤚🏼	people	raised back of hand: medium-light skin tone
🤚🏽	people	raised back of hand: medium skin tone
🤚🏾	people	raised back of hand: medium-dark skin tone
🤚🏿	people	raised back of hand: dark skin tone
🖐️	people	hand with fingers splayed hand fingers palm body finger five raised
🖐🏻	people	hand with fingers splayed: light skin tone
🖐🏼	people	hand with fingers splayed: medium-light skin tone
🖐🏽	people	hand with fingers splayed: medium skin tone
🖐🏾	people	hand with fingers splayed: medium-dark skin tone
🖐🏿	people	hand with fingers splayed: dark skin tone
✋	people	raised hand fingers stop highfive palm ban body five high
✋🏻	people	raised hand: light skin tone
✋🏼	people	raised hand: medium-light skin tone
✋🏽	people	raised hand: medium skin tone
✋🏾	people	raised hand: medium-dark skin tone
✋🏿	people	raised hand: dark skin tone
🖖	people	vulcan salute hand fingers spock star trek between body finger middle part prosper raised ring split
🖖🏻	people	vulcan salute: light skin tone
🖖🏼	people	vulcan salute: medium-light skin tone
🖖🏽	people	vulcan salute: medium skin tone
🖖🏾	people	vulcan salute: medium-dark skin tone
🖖🏿	people	vulcan salute: dark skin tone
🫱	people	rightwards hand palm offer right rightward
🫱🏻	people	rightwards hand: light skin tone
🫱🏼	people	rightwards hand: medium-light skin tone
🫱🏽	people	rightwards hand: medium skin tone
🫱🏾	people	rightwards hand: medium-dark skin tone
🫱🏿	people	rightwards hand: dark skin tone
🫲	people	leftwards hand palm offer left leftward
🫲🏻	people	leftwards hand: light skin tone
🫲🏼	people	leftwards hand: medium-light skin tone
🫲🏽	people	leftwards hand: medium skin tone
🫲🏾	people	leftwards hand: medium-dark skin tone
🫲🏿	people	leftwards hand: dark skin tone
🫳	people	palm down hand palm drop dismiss shoo
🫳🏻	people	palm down hand: light skin tone
🫳🏼	people	palm down hand: medium-light skin tone
🫳🏽	people	palm down hand: medium skin tone
🫳🏾	people	palm down hand: medium-dark skin tone
🫳🏿	people	palm down hand: dark skin tone
🫴	people	palm up hand lift offer demand beckon catch come
🫴🏻	people	palm up hand: light skin tone
🫴🏼	people	palm up hand: medium-light skin tone
🫴🏽	people	palm up hand: medium skin tone
🫴🏾	people	palm up hand: medium-dark skin tone
🫴🏿	people	palm up hand: dark skin tone
🫷	people	leftwards pushing hand highfive pressing stop
🫷🏻	people	leftwards pushing hand: light skin tone
🫷🏼	people	leftwards pushing hand: medium-light skin tone
🫷🏽	people	leftwards pushing hand: medium skin tone
🫷🏾	people	leftwards pushing hand: medium-dark skin tone
🫷🏿	people	leftwards pushing hand: dark skin tone
🫸	people	rightwards pushing hand highfive pressing stop
🫸🏻	people	rightwards pushing hand: light skin tone
🫸🏼	people	rightwards pushing hand: medium-light skin tone
🫸🏽	people	rightwards pushing hand: medium skin tone
🫸🏾	people	rightwards pushing hand: medium-dark skin tone
🫸🏿	people	rightwards pushing hand: dark skin tone
👌	people	ok hand fingers limbs perfect ok okay body sign
👌🏻	people	ok hand: light skin tone
👌🏼	people	ok hand: medium-light skin tone
👌🏽	people	ok hand: medium skin tone
👌🏾	people	ok hand: medium-dark skin tone
👌🏿	people	ok hand: dark skin tone
🤌	people	pinched fingers size tiny small che finger gesture hand interrogation ma purse sarcastic vuoi
🤌🏻	people	pinched fingers: light skin tone
🤌🏼	people	pinched fingers: medium-light skin tone
🤌🏽	people	pinched fingers: medium skin tone
🤌🏾	people	pinched fingers: medium-dark skin tone
🤌🏿	people	pinched fingers: dark skin tone
🤏	people	pinching hand tiny small size amount body little
🤏🏻	people	pinching hand: light skin tone
🤏🏼	people	pinching hand: medium-light skin tone
🤏🏽	people	pinching hand: medium skin tone
🤏🏾	people	pinching hand: medium-dark skin tone
🤏🏿	people	pinching hand: dark skin tone
✌️	people	victory hand fingers ohyeah hand peace victory two air body quotes sign v
✌🏻	people	victory hand: light skin tone
✌🏼	people	victory hand: medium-light skin tone
✌🏽	people	victory hand: medium skin tone
✌🏾	people	victory hand: medium-dark skin tone
✌🏿	people	victory hand: dark skin tone
🤞	people	crossed fingers good lucky body cross finger hand hopeful index luck middle
🤞🏻	people	crossed fingers: light skin tone
🤞🏼	people	crossed fingers: medium-light skin tone
🤞🏽	people	crossed fingers: medium skin tone
🤞🏾	people	crossed fingers: medium-dark skin tone
🤞🏿	people	crossed fingers: dark skin tone
🫰	people	hand with index finger and thumb crossed heart love money expensive snap
🫰🏻	people	hand with index finger and thumb crossed: light skin tone
🫰🏼	people	hand with index finger and thumb crossed: medium-light skin tone
🫰🏽	people	hand with index finger and thumb crossed: medium skin tone
🫰🏾	people	hand with index finger and thumb crossed: medium-dark skin tone
🫰🏿	people	hand with index finger and thumb crossed: dark skin tone
🤟	people	love-you gesture love you gesture hand fingers gesture body i ily sign
🤟🏻	people	love-you gesture: light skin tone
🤟🏼	people	love-you gesture: medium-light skin tone
🤟🏽	people	love-you gesture: medium skin tone
🤟🏾	people	love-you gesture: medium-dark skin tone
🤟🏿	people	love-you gesture: dark skin tone
🤘	people	sign of the horns hand fingers evil eye sign of horns rock on body devil finger heavy metal
🤘🏻	people	sign of the horns: light skin tone
🤘🏼	people	sign of the horns: medium-light skin tone
🤘🏽	people	sign of the horns: medium skin tone
🤘🏾	people	sign of the horns: medium-dark skin tone
🤘🏿	people	sign of the horns: dark skin tone
🤙	people	call me hand hands gesture shaka body phone sign
🤙🏻	people	call me hand: light skin tone
🤙🏼	people	call me hand: medium-light skin tone
🤙🏽	people	call me hand: medium skin tone
🤙🏾	people	call me hand: medium-dark skin tone
🤙🏿	people	call me hand: dark skin tone
👈	people	backhand index pointing left direction fingers hand left body finger point white
👈🏻	people	backhand index pointing left: light skin tone
👈🏼	people	backhand index pointing left: medium-light skin tone
👈🏽	people	backhand index pointing left: medium skin tone
👈🏾	people	backhand index pointing left: medium-dark skin tone
👈🏿	people	backhand index pointing left: dark skin tone
👉	people	backhand index pointing right fingers hand direction right body finger point white
👉🏻	people	backhand index pointing right: light skin tone
👉🏼	people	backhand index pointing right: medium-light skin tone
👉🏽	people	backhand index pointing right: medium skin tone
👉🏾	people	backhand index pointing right: medium-dark skin tone
👉🏿	people	backhand index pointing right: dark skin tone
👆	people	backhand index pointing up fingers hand direction up body finger middle point white
👆🏻	people	backhand index pointing up: light skin tone
👆🏼	people	backhand index pointing up: medium-light skin tone
👆🏽	people	backhand index pointing up: medium skin tone
👆🏾	people	backhand index pointing up: medium-dark skin tone
👆🏿	people	backhand index pointing up: dark skin tone
🖕	people	middle finger hand fingers rude middle flipping bird body dito extended fu medio middle finger reversed
🖕🏻	people	middle finger: light skin tone
🖕🏼	people	middle finger: medium-light skin tone
🖕🏽	people	middle finger: medium skin tone
🖕🏾	people	middle finger: medium-dark skin tone
🖕🏿	people	middle finger: dark skin tone
👇	people	backhand index pointing down fingers hand direction down body finger point white
👇🏻	people	backhand index pointing down: light skin tone
👇🏼	people	backhand index pointing down: medium-light skin tone
👇🏽	people	backhand index pointing down: medium skin tone
👇🏾	people	backhand index pointing down: medium-dark skin tone
👇🏿	people	backhand index pointing down: dark skin tone
☝️	people	index pointing up hand fingers direction up body finger point secret white
☝🏻	people	index pointing up: light skin tone
☝🏼	people	index pointing up: medium-light skin tone
☝🏽	people	index pointing up: medium skin tone
☝🏾	people	index pointing up: medium-dark skin tone
☝🏿	people	index pointing up: dark skin tone
🫵	people	index pointing at the viewer you recruit point
🫵🏻	people	index pointing at the viewer: light skin tone
🫵🏼	people	index pointing at the viewer: medium-light skin tone
🫵🏽	people	index pointing at the viewer: medium skin tone
🫵🏾	people	index pointing at the viewer: medium-dark skin tone
🫵🏿	people	index pointing at the viewer: dark skin tone
👍	people	thumbs up thumbsup yes awesome good agree accept cool hand like +1 approve body ok sign thumb
👍🏻	people	thumbs up: light skin tone
👍🏼	people	thumbs up: medium-light skin tone
👍🏽	people	thumbs up: medium skin tone
👍🏾	people	thumbs up: medium-dark skin tone
👍🏿	people	thumbs up: dark skin tone
👎	people	thumbs down thumbsdown no dislike hand -1 bad body bury disapprove sign thumb
👎🏻	people	thumbs down: light skin tone
👎🏼	people	thumbs down: medium-light skin tone
👎🏽	people	thumbs down: medium skin tone
👎🏾	people	thumbs down: medium-dark skin tone
👎🏿	people	thumbs down: dark skin tone
✊	people	raised fist fingers hand grasp body clenched power pump punch
✊🏻	people	raised fist: light skin tone
✊🏼	people	raised fist: medium-light skin tone
✊🏽	people	raised fist: medium skin tone
✊🏾	people	raised fist: medium-dark skin tone
✊🏿	people	raised fist: dark skin tone
👊	people	oncoming fist angry violence fist hit attack hand body bro brofist bump clenched closed facepunch fisted punch sign
👊🏻	people	oncoming fist: light skin tone
👊🏼	people	oncoming fist: medium-light skin tone
👊🏽	people	oncoming fist: medium skin tone
👊🏾	people	oncoming fist: medium-dark skin tone
👊🏿	people	oncoming fist: dark skin tone
🤛	people	left-facing fist left facing fist hand fistbump body bump leftwards
🤛🏻	people	left-facing fist: light skin tone
🤛🏼	people	left-facing fist: medium-light skin tone
🤛🏽	people	left-facing fist: medium skin tone
🤛🏾	people	left-facing fist: medium-dark skin tone
🤛🏿	people	left-facing fist: dark skin tone
🤜	people	right-facing fist right facing fist hand fistbump body bump rightwards right fist
🤜🏻	people	right-facing fist: light skin tone
🤜🏼	people	right-facing fist: medium-light skin tone
🤜🏽	people	right-facing fist: medium skin tone
🤜🏾	people	right-facing fist: medium-dark skin tone
🤜🏿	people	right-facing fist: dark skin tone
👏	people	clapping hands hands praise applause congrats yay body clap golf hand round sign
👏🏻	people	clapping hands: light skin tone
👏🏼	people	clapping hands: medium-light skin tone
👏🏽	people	clapping hands: medium skin tone
👏🏾	people	clapping hands: medium-dark skin tone
👏🏿	people	clapping hands: dark skin tone
🙌	people	raising hands gesture hooray yea celebration hands air arms banzai body both festivus hallelujah hand miracle person praise raised two
🙌🏻	people	raising hands: light skin tone
🙌🏼	people	raising hands: medium-light skin tone
🙌🏽	people	raising hands: medium skin tone
🙌🏾	people	raising hands: medium-dark skin tone
🙌🏿	people	raising hands: dark skin tone
🫶	people	heart hands love appreciation support
🫶🏻	people	heart hands: light skin tone
🫶🏼	people	heart hands: medium-light skin tone
🫶🏽	people	heart hands: medium skin tone
🫶🏾	people	heart hands: medium-dark skin tone
🫶🏿	people	heart hands: dark skin tone
👐	people	open hands fingers butterfly hands open body hand hug jazz sign
👐🏻	people	open hands: light skin tone
👐🏼	people	open hands: medium-light skin tone
👐🏽	people	open hands: medium skin tone
👐🏾	people	open hands: medium-dark skin tone
👐🏿	people	open hands: dark skin tone
🤲	people	palms up together hands gesture cupped prayer body dua facing
🤲🏻	people	palms up together: light skin tone
🤲🏼	people	palms up together: medium-light skin tone
🤲🏽	people	palms up together: medium skin tone
🤲🏾	people	palms up together: medium-dark skin tone
🤲🏿	people	palms up together: dark skin tone
🤝	people	handshake agreement shake deal hand hands meeting shaking
🤝🏻	people	handshake: light skin tone
🤝🏼	people	handshake: medium-light skin tone
🤝🏽	people	handshake: medium skin tone
🤝🏾	people	handshake: medium-dark skin tone
🤝🏿	people	handshake: dark skin tone
🫱🏻‍🫲🏼	people	handshake: light skin tone, medium-light skin tone
🫱🏻‍🫲🏽	people	handshake: light skin tone, medium skin tone
🫱🏻‍🫲🏾	people	handshake: light skin tone, medium-dark skin tone
🫱🏻‍🫲🏿	people	handshake: light skin tone, dark skin tone
🫱🏼‍🫲🏻	people	handshake: medium-light skin tone, light skin tone
🫱🏼‍🫲🏽	people	handshake: medium-light skin tone, medium skin tone
🫱🏼‍🫲🏾	people	handshake: medium-light skin tone, medium-dark skin tone
🫱🏼‍🫲🏿	people	handshake: medium-light skin tone, dark skin tone
🫱🏽‍🫲🏻	people	handshake: medium skin tone, light skin tone
🫱🏽‍🫲🏼	people	handshake: medium skin tone, medium-light skin tone
🫱🏽‍🫲🏾	people	handshake: medium skin tone, medium-dark skin tone
🫱🏽‍🫲🏿	people	handshake: medium skin tone, dark skin tone
🫱🏾‍🫲🏻	people	handshake: medium-dark skin tone, light skin tone
🫱🏾‍🫲🏼	people	handshake: medium-dark skin tone, medium-light skin tone
🫱🏾‍🫲🏽	people	handshake: medium-dark skin tone, medium skin tone
🫱🏾‍🫲🏿	people	handshake: medium-dark skin tone, dark skin tone
🫱🏿‍🫲🏻	people	handshake: dark skin tone, light skin tone
🫱🏿‍🫲🏼	people	handshake: dark skin tone, medium-light skin tone
🫱🏿‍🫲🏽	people	handshake: dark skin tone, medium skin tone
🫱🏿‍🫲🏾	people	handshake: dark skin tone, medium-dark skin tone
🙏	people	folded hands please hope wish namaste highfive pray thank you thanks appreciate ask body bow five gesture hand high person prayer pressed together
🙏🏻	people	folded hands: light skin tone
🙏🏼	people	folded hands: medium-light skin tone
🙏🏽	people	folded hands: medium skin tone
🙏🏾	people	folded hands: medium-dark skin tone
🙏🏿	people	folded hands: dark skin tone
✍️	people	writing hand lower left ballpoint pen stationery write compose body
✍🏻	people	writing hand: light skin tone
✍🏼	people	writing hand: medium-light skin tone
✍🏽	people	writing hand: medium skin tone
✍🏾	people	writing hand: medium-dark skin tone
✍🏿	people	writing hand: dark skin tone
💅	people	nail polish nail care beauty manicure finger fashion nail slay body cosmetics fingers nonchalant
💅🏻	people	nail polish: light skin tone
💅🏼	people	nail polish: medium-light skin tone
💅🏽	people	nail polish: medium skin tone
💅🏾	people	nail polish: medium-dark skin tone
💅🏿	people	nail polish: dark skin tone
🤳	people	selfie camera phone arm hand
🤳🏻	people	selfie: light skin tone
🤳🏼	people	selfie: medium-light skin tone
🤳🏽	people	selfie: medium skin tone
🤳🏾	people	selfie: medium-dark skin tone
🤳🏿	people	selfie: dark skin tone
💪	people	flexed biceps arm flex hand summer strong biceps bicep body comic feats flexing muscle muscles strength workout
💪🏻	people	flexed biceps: light skin tone
💪🏼	people	flexed biceps: medium-light skin tone
💪🏽	people	flexed biceps: medium skin tone
💪🏾	people	flexed biceps: medium-dark skin tone
💪🏿	people	flexed biceps: dark skin tone
🦾	people	mechanical arm accessibility body prosthetic
🦿	people	mechanical leg accessibility body prosthetic
🦵	people	leg kick limb body
🦵🏻	people	leg: light skin tone
🦵🏼	people	leg: medium-light skin tone
🦵🏽	people	leg: medium skin tone
🦵🏾	people	leg: medium-dark skin tone
🦵🏿	people	leg: dark skin tone
🦶	people	foot kick stomp body
🦶🏻	people	foot: light skin tone
🦶🏼	people	foot: medium-light skin tone
🦶🏽	people	foot: medium skin tone
🦶🏾	people	foot: medium-dark skin tone
🦶🏿	people	foot: dark skin tone
👂	people	ear face hear sound listen body ears hearing listening nose
👂🏻	people	ear: light skin tone
👂🏼	people	ear: medium-light skin tone
👂🏽	people	ear: medium skin tone
👂🏾	people	ear: medium-dark skin tone
👂🏿	people	ear: dark skin tone
🦻	people	ear with hearing aid accessibility body hard
🦻🏻	people	ear with hearing aid: light skin tone
🦻🏼	people	ear with hearing aid: medium-light skin tone
🦻🏽	people	ear with hearing aid: medium skin tone
🦻🏾	people	ear with hearing aid: medium-dark skin tone
🦻🏿	people	ear with hearing aid: dark skin tone
👃	people	nose smell sniff body smelling sniffing stinky
👃🏻	people	nose: light skin tone
👃🏼	people	nose: medium-light skin tone
👃🏽	people	nose: medium skin tone
👃🏾	people	nose: medium-dark skin tone
👃🏿	people	nose: dark skin tone
🧠	people	brain smart intelligent body organ
🫀	people	anatomical heart health heartbeat cardiology organ pulse
🫁	people	lungs breathe breath exhalation inhalation organ respiration
🦷	people	tooth teeth dentist body
🦴	people	bone skeleton body
👀	people	eyes look watch stalk peek see body eye eyeballs face shifty wide
👁️	people	eye face look see watch stare body single
👅	people	tongue mouth playful body out taste
👄	people	mouth kiss body kissing lips
🫦	people	biting lip flirt sexy pain worry anxious fear flirting nervous uncomfortable worried
👶	people	baby child boy girl toddler newborn young
👶🏻	people	baby: light skin tone
👶🏼	people	baby: medium-light skin tone
👶🏽	people	baby: medium skin tone
👶🏾	people	baby: medium-dark skin tone
👶🏿	people	baby: dark skin tone
🧒	people	child gender-neutral young boy gender girl inclusive neutral person unspecified
🧒🏻	people	child: light skin tone
🧒🏼	people	child: medium-light skin tone
🧒🏽	people	child: medium skin tone
🧒🏾	people	child: medium-dark skin tone
🧒🏿	people	child: dark skin tone
👦	people	boy man male guy teenager child young
👦🏻	people	boy: light skin tone
👦🏼	people	boy: medium-light skin tone
👦🏽	people	boy: medium skin tone
👦🏾	people	boy: medium-dark skin tone
👦🏿	people	boy: dark skin tone
👧	people	girl female woman teenager child maiden virgin virgo young zodiac
👧🏻	people	girl: light skin tone
👧🏼	people	girl: medium-light skin tone
👧🏽	people	girl: medium skin tone
👧🏾	people	girl: medium-dark skin tone
👧🏿	people	girl: dark skin tone
🧑	people	person gender-neutral adult female gender inclusive male man men neutral unspecified woman women
🧑🏻	people	person: light skin tone
🧑🏼	people	person: medium-light skin tone
🧑🏽	people	person: medium skin tone
🧑🏾	people	person: medium-dark skin tone
🧑🏿	people	person: dark skin tone
👱	people	person: blond hair person blond hair hairstyle blonde haired man
👱🏻	people	person: light skin tone, blond hair
👱🏼	people	person: medium-light skin tone, blond hair
👱🏽	people	person: medium skin tone, blond hair
👱🏾	people	person: medium-dark skin tone, blond hair
👱🏿	people	person: dark skin tone, blond hair
👨	people	man mustache father dad guy classy sir moustache adult male men
👨🏻	people	man: light skin tone
👨🏼	people	man: medium-light skin tone
👨🏽	people	man: medium skin tone
👨🏾	people	man: medium-dark skin tone
👨🏿	people	man: dark skin tone
🧔	people	person: beard man beard person bewhiskered bearded
🧔🏻	people	person: light skin tone, beard
🧔🏼	people	person: medium-light skin tone, beard
🧔🏽	people	person: medium skin tone, beard
🧔🏾	people	person: medium-dark skin tone, beard
🧔🏿	people	person: dark skin tone, beard
🧔‍♂️	people	man: beard man beard facial hair bearded bewhiskered male men
🧔🏻‍♂️	people	man: light skin tone, beard
🧔🏼‍♂️	people	man: medium-light skin tone, beard
🧔🏽‍♂️	people	man: medium skin tone, beard
🧔🏾‍♂️	people	man: medium-dark skin tone, beard
🧔🏿‍♂️	people	man: dark skin tone, beard
🧔‍♀️	people	woman: beard woman beard facial hair bearded bewhiskered female women
🧔🏻‍♀️	people	woman: light skin tone, beard
🧔🏼‍♀️	people	woman: medium-light skin tone, beard
🧔🏽‍♀️	people	woman: medium skin tone, beard
🧔🏾‍♀️	people	woman: medium-dark skin tone, beard
🧔🏿‍♀️	people	woman: dark skin tone, beard
👨‍🦰	people	man: red hair man red hair hairstyle adult ginger haired male men redhead
👨🏻‍🦰	people	man: light skin tone, red hair
👨🏼‍🦰	people	man: medium-light skin tone, red hair
👨🏽‍🦰	people	man: medium skin tone, red hair
👨🏾‍🦰	people	man: medium-dark skin tone, red hair
👨🏿‍🦰	people	man: dark skin tone, red hair
👨‍🦱	people	man: curly hair man curly hair hairstyle adult haired male men
👨🏻‍🦱	people	man: light skin tone, curly hair
👨🏼‍🦱	people	man: medium-light skin tone, curly hair
👨🏽‍🦱	people	man: medium skin tone, curly hair
👨🏾‍🦱	people	man: medium-dark skin tone, curly hair
👨🏿‍🦱	people	man: dark skin tone, curly hair
👨‍🦳	people	man: white hair man white hair old elder adult haired male men
👨🏻‍🦳	people	man: light skin tone, white hair
👨🏼‍🦳	people	man: medium-light skin tone, white hair
👨🏽‍🦳	people	man: medium skin tone, white hair
👨🏾‍🦳	people	man: medium-dark skin tone, white hair
👨🏿‍🦳	people	man: dark skin tone, white hair
👨‍🦲	people	man: bald man bald hairless adult hair male men no
👨🏻‍🦲	people	man: light skin tone, bald
👨🏼‍🦲	people	man: medium-light skin tone, bald
👨🏽‍🦲	people	man: medium skin tone, bald
👨🏾‍🦲	people	man: medium-dark skin tone, bald
👨🏿‍🦲	people	man: dark skin tone, bald
👩	people	woman female girls lady adult women yellow
👩🏻	people	woman: light skin tone
👩🏼	people	woman: medium-light skin tone
👩🏽	people	woman: medium skin tone
👩🏾	people	woman: medium-dark skin tone
👩🏿	people	woman: dark skin tone
👩‍🦰	people	woman: red hair woman red hair hairstyle adult female ginger haired redhead women
👩🏻‍🦰	people	woman: light skin tone, red hair
👩🏼‍🦰	people	woman: medium-light skin tone, red hair
👩🏽‍🦰	people	woman: medium skin tone, red hair
👩🏾‍🦰	people	woman: medium-dark skin tone, red hair
👩🏿‍🦰	people	woman: dark skin tone, red hair
🧑‍🦰	people	person: red hair person red hair hairstyle adult gender haired unspecified
🧑🏻‍🦰	people	person: light skin tone, red hair
🧑🏼‍🦰	people	person: medium-light skin tone, red hair
🧑🏽‍🦰	people	person: medium skin tone, red hair
🧑🏾‍🦰	people	person: medium-dark skin tone, red hair
🧑🏿‍🦰	people	person: dark skin tone, red hair
👩‍🦱	people	woman: curly hair woman curly hair hairstyle adult female haired women
👩🏻‍🦱	people	woman: light skin tone, curly hair
👩🏼‍🦱	people	woman: medium-light skin tone, curly hair
👩🏽‍🦱	people	woman: medium skin tone, curly hair
👩🏾‍🦱	people	woman: medium-dark skin tone, curly hair
👩🏿‍🦱	people	woman: dark skin tone, curly hair
🧑‍🦱	people	person: curly hair person curly hair hairstyle adult gender haired unspecified
🧑🏻‍🦱	people	person: light skin tone, curly hair
🧑🏼‍🦱	people	person: medium-light skin tone, curly hair
🧑🏽‍🦱	people	person: medium skin tone, curly hair
🧑🏾‍🦱	people	person: medium-dark skin tone, curly hair
🧑🏿‍🦱	people	person: dark skin tone, curly hair
👩‍🦳	people	woman: white hair woman white hair old elder adult female haired women
👩🏻‍🦳	people	woman: light skin tone, white hair
👩🏼‍🦳	people	woman: medium-light skin tone, white hair
👩🏽‍🦳	people	woman: medium skin tone, white hair
👩🏾‍🦳	people	woman: medium-dark skin tone, white hair
👩🏿‍🦳	people	woman: dark skin tone, white hair
🧑‍🦳	people	person: white hair person white hair elder old adult gender haired unspecified
🧑🏻‍🦳	people	person: light skin tone, white hair
🧑🏼‍🦳	people	person: medium-light skin tone, white hair
🧑🏽‍🦳	people	person: medium skin tone, white hair
🧑🏾‍🦳	people	person: medium-dark skin tone, white hair
🧑🏿‍🦳	people	person: dark skin tone, white hair
👩‍🦲	people	woman: bald woman bald hairless adult female hair no women
👩🏻‍🦲	people	woman: light skin tone, bald
👩🏼‍🦲	people	woman: medium-light skin tone, bald
👩🏽‍🦲	people	woman: medium skin tone, bald
👩🏾‍🦲	people	woman: medium-dark skin tone, bald
👩🏿‍🦲	people	woman: dark skin tone, bald
🧑‍🦲	people	person: bald person bald hairless adult gender hair no unspecified
🧑🏻‍🦲	people	person: light skin tone, bald
🧑🏼‍🦲	people	person: medium-light skin tone, bald
🧑🏽‍🦲	people	person: medium skin tone, bald
🧑🏾‍🦲	people	person: medium-dark skin tone, bald
🧑🏿‍🦲	people	person: dark skin tone, bald
👱‍♀️	people	woman: blond hair woman blond hair woman female girl blonde person haired women
👱🏻‍♀️	people	woman: light skin tone, blond hair
👱🏼‍♀️	people	woman: medium-light skin tone, blond hair
👱🏽‍♀️	people	woman: medium skin tone, blond hair
👱🏾‍♀️	people	woman: medium-dark skin tone, blond hair
👱🏿‍♀️	people	woman: dark skin tone, blond hair
👱‍♂️	people	man: blond hair man blond hair man male boy blonde guy person haired men
👱🏻‍♂️	people	man: light skin tone, blond hair
👱🏼‍♂️	people	man: medium-light skin tone, blond hair
👱🏽‍♂️	people	man: medium skin tone, blond hair
👱🏾‍♂️	people	man: medium-dark skin tone, blond hair
👱🏿‍♂️	people	man: dark skin tone, blond hair
🧓	people	older person human elder senior gender-neutral adult female gender male man men neutral old unspecified woman women
🧓🏻	people	older person: light skin tone
🧓🏼	people	older person: medium-light skin tone
🧓🏽	people	older person: medium skin tone
🧓🏾	people	older person: medium-dark skin tone
🧓🏿	people	older person: dark skin tone
👴	people	old man human male men old elder senior adult elderly grandpa older
👴🏻	people	old man: light skin tone
👴🏼	people	old man: medium-light skin tone
👴🏽	people	old man: medium skin tone
👴🏾	people	old man: medium-dark skin tone
👴🏿	people	old man: dark skin tone
👵	people	old woman human female women lady old elder senior adult elderly grandma nanna older
👵🏻	people	old woman: light skin tone
👵🏼	people	old woman: medium-light skin tone
👵🏽	people	old woman: medium skin tone
👵🏾	people	old woman: medium-dark skin tone
👵🏿	people	old woman: dark skin tone
🙍	people	person frowning worried frown gesture sad woman
🙍🏻	people	person frowning: light skin tone
🙍🏼	people	person frowning: medium-light skin tone
🙍🏽	people	person frowning: medium skin tone
🙍🏾	people	person frowning: medium-dark skin tone
🙍🏿	people	person frowning: dark skin tone
🙍‍♂️	people	man frowning male boy man sad depressed discouraged unhappy frown gesture men
🙍🏻‍♂️	people	man frowning: light skin tone
🙍🏼‍♂️	people	man frowning: medium-light skin tone
🙍🏽‍♂️	people	man frowning: medium skin tone
🙍🏾‍♂️	people	man frowning: medium-dark skin tone
🙍🏿‍♂️	people	man frowning: dark skin tone
🙍‍♀️	people	woman frowning female girl woman sad depressed discouraged unhappy frown gesture women
🙍🏻‍♀️	people	woman frowning: light skin tone
🙍🏼‍♀️	people	woman frowning: medium-light skin tone
🙍🏽‍♀️	people	woman frowning: medium skin tone
🙍🏾‍♀️	people	woman frowning: medium-dark skin tone
🙍🏿‍♀️	people	woman frowning: dark skin tone
🙎	people	person pouting upset blank face fed gesture look up
🙎🏻	people	person pouting: light skin tone
🙎🏼	people	person pouting: medium-light skin tone
🙎🏽	people	person pouting: medium skin tone
🙎🏾	people	person pouting: medium-dark skin tone
🙎🏿	people	person pouting: dark skin tone
🙎‍♂️	people	man pouting male boy man gesture men
🙎🏻‍♂️	people	man pouting: light skin tone
🙎🏼‍♂️	people	man pouting: medium-light skin tone
🙎🏽‍♂️	people	man pouting: medium skin tone
🙎🏾‍♂️	people	man pouting: medium-dark skin tone
🙎🏿‍♂️	people	man pouting: dark skin tone
🙎‍♀️	people	woman pouting female girl woman gesture women
🙎🏻‍♀️	people	woman pouting: light skin tone
🙎🏼‍♀️	people	woman pouting: medium-light skin tone
🙎🏽‍♀️	people	woman pouting: medium skin tone
🙎🏾‍♀️	people	woman pouting: medium-dark skin tone
🙎🏿‍♀️	people	woman pouting: dark skin tone
🙅	people	person gesturing no decline arms deal denied face forbidden gesture good halt hand not ok prohibited stop x
🙅🏻	people	person gesturing no: light skin tone
🙅🏼	people	person gesturing no: medium-light skin tone
🙅🏽	people	person gesturing no: medium skin tone
🙅🏾	people	person gesturing no: medium-dark skin tone
🙅🏿	people	person gesturing no: dark skin tone
🙅‍♂️	people	man gesturing no male boy man nope denied forbidden gesture good halt hand men ng not ok prohibited stop
🙅🏻‍♂️	people	man gesturing no: light skin tone
🙅🏼‍♂️	people	man gesturing no: medium-light skin tone
🙅🏽‍♂️	people	man gesturing no: medium skin tone
🙅🏾‍♂️	people	man gesturing no: medium-dark skin tone
🙅🏿‍♂️	people	man gesturing no: dark skin tone
🙅‍♀️	people	woman gesturing no female girl woman nope denied forbidden gesture good halt hand ng not ok prohibited stop women
🙅🏻‍♀️	people	woman gesturing no: light skin tone
🙅🏼‍♀️	people	woman gesturing no: medium-light skin tone
🙅🏽‍♀️	people	woman gesturing no: medium skin tone
🙅🏾‍♀️	people	woman gesturing no: medium-dark skin tone
🙅🏿‍♀️	people	woman gesturing no: dark skin tone
🙆	people	person gesturing ok agree ballerina face gesture hand hands head
🙆🏻	people	person gesturing ok: light skin tone
🙆🏼	people	person gesturing ok: medium-light skin tone
🙆🏽	people	person gesturing ok: medium skin tone
🙆🏾	people	person gesturing ok: medium-dark skin tone
🙆🏿	people	person gesturing ok: dark skin tone
🙆‍♂️	people	man gesturing ok men boy male blue human man gesture hand
🙆🏻‍♂️	people	man gesturing ok: light skin tone
🙆🏼‍♂️	people	man gesturing ok: medium-light skin tone
🙆🏽‍♂️	people	man gesturing ok: medium skin tone
🙆🏾‍♂️	people	man gesturing ok: medium-dark skin tone
🙆🏿‍♂️	people	man gesturing ok: dark skin tone
🙆‍♀️	people	woman gesturing ok women girl female pink human woman gesture hand
🙆🏻‍♀️	people	woman gesturing ok: light skin tone
🙆🏼‍♀️	people	woman gesturing ok: medium-light skin tone
🙆🏽‍♀️	people	woman gesturing ok: medium skin tone
🙆🏾‍♀️	people	woman gesturing ok: medium-dark skin tone
🙆🏿‍♀️	people	woman gesturing ok: dark skin tone
💁	people	person tipping hand information attendant bellhop concierge desk female flick girl hair help sassy woman women
💁🏻	people	person tipping hand: light skin tone
💁🏼	people	person tipping hand: medium-light skin tone
💁🏽	people	person tipping hand: medium skin tone
💁🏾	people	person tipping hand: medium-dark skin tone
💁🏿	people	person tipping hand: dark skin tone
💁‍♂️	people	man tipping hand male boy man human information desk help men sassy
💁🏻‍♂️	people	man tipping hand: light skin tone
💁🏼‍♂️	people	man tipping hand: medium-light skin tone
💁🏽‍♂️	people	man tipping hand: medium skin tone
💁🏾‍♂️	people	man tipping hand: medium-dark skin tone
💁🏿‍♂️	people	man tipping hand: dark skin tone
💁‍♀️	people	woman tipping hand female girl woman human information desk help sassy women
💁🏻‍♀️	people	woman tipping hand: light skin tone
💁🏼‍♀️	people	woman tipping hand: medium-light skin tone
💁🏽‍♀️	people	woman tipping hand: medium skin tone
💁🏾‍♀️	people	woman tipping hand: medium-dark skin tone
💁🏿‍♀️	people	woman tipping hand: dark skin tone
🙋	people	person raising hand question answering gesture happy one raised up
🙋🏻	people	person raising hand: light skin tone
🙋🏼	people	person raising hand: medium-light skin tone
🙋🏽	people	person raising hand: medium skin tone
🙋🏾	people	person raising hand: medium-dark skin tone
🙋🏿	people	person raising hand: dark skin tone
🙋‍♂️	people	man raising hand male boy man gesture happy men one raised
🙋🏻‍♂️	people	man raising hand: light skin tone
🙋🏼‍♂️	people	man raising hand: medium-light skin tone
🙋🏽‍♂️	people	man raising hand: medium skin tone
🙋🏾‍♂️	people	man raising hand: medium-dark skin tone
🙋🏿‍♂️	people	man raising hand: dark skin tone
🙋‍♀️	people	woman raising hand female girl woman gesture happy one raised women
🙋🏻‍♀️	people	woman raising hand: light skin tone
🙋🏼‍♀️	people	woman raising hand: medium-light skin tone
🙋🏽‍♀️	people	woman raising hand: medium skin tone
🙋🏾‍♀️	people	woman raising hand: medium-dark skin tone
🙋🏿‍♀️	people	woman raising hand: dark skin tone
🧏	people	deaf person accessibility ear hear
🧏🏻	people	deaf person: light skin tone
🧏🏼	people	deaf person: medium-light skin tone
🧏🏽	people	deaf person: medium skin tone
🧏🏾	people	deaf person: medium-dark skin tone
🧏🏿	people	deaf person: dark skin tone
🧏‍♂️	people	deaf man accessibility male men
🧏🏻‍♂️	people	deaf man: light skin tone
🧏🏼‍♂️	people	deaf man: medium-light skin tone
🧏🏽‍♂️	people	deaf man: medium skin tone
🧏🏾‍♂️	people	deaf man: medium-dark skin tone
🧏🏿‍♂️	people	deaf man: dark skin tone
🧏‍♀️	people	deaf woman accessibility female women
🧏🏻‍♀️	people	deaf woman: light skin tone
🧏🏼‍♀️	people	deaf woman: medium-light skin tone
🧏🏽‍♀️	people	deaf woman: medium skin tone
🧏🏾‍♀️	people	deaf woman: medium-dark skin tone
🧏🏿‍♀️	people	deaf woman: dark skin tone
🙇	people	person bowing respectiful apology bow boy cute deeply dogeza gesture man massage respect sorry thanks
🙇🏻	people	person bowing: light skin tone
🙇🏼	people	person bowing: medium-light skin tone
🙇🏽	people	person bowing: medium skin tone
🙇🏾	people	person bowing: medium-dark skin tone
🙇🏿	people	person bowing: dark skin tone
🙇‍♂️	people	man bowing man male boy apology bow deeply favor gesture men respect sorry thanks
🙇🏻‍♂️	people	man bowing: light skin tone
🙇🏼‍♂️	people	man bowing: medium-light skin tone
🙇🏽‍♂️	people	man bowing: medium skin tone
🙇🏾‍♂️	people	man bowing: medium-dark skin tone
🙇🏿‍♂️	people	man bowing: dark skin tone
🙇‍♀️	people	woman bowing woman female girl apology bow deeply favor gesture respect sorry thanks women
🙇🏻‍♀️	people	woman bowing: light skin tone
🙇🏼‍♀️	people	woman bowing: medium-light skin tone
🙇🏽‍♀️	people	woman bowing: medium skin tone
🙇🏾‍♀️	people	woman bowing: medium-dark skin tone
🙇🏿‍♀️	people	woman bowing: dark skin tone
🤦	people	person facepalming disappointed disbelief exasperation face facepalm head hitting palm picard smh
🤦🏻	people	person facepalming: light skin tone
🤦🏼	people	person facepalming: medium-light skin tone
🤦🏽	people	person facepalming: medium skin tone
🤦🏾	people	person facepalming: medium-dark skin tone
🤦🏿	people	person facepalming: dark skin tone
🤦‍♂️	people	man facepalming man male boy disbelief exasperation face facepalm men palm
🤦🏻‍♂️	people	man facepalming: light skin tone
🤦🏼‍♂️	people	man facepalming: medium-light skin tone
🤦🏽‍♂️	people	man facepalming: medium skin tone
🤦🏾‍♂️	people	man facepalming: medium-dark skin tone
🤦🏿‍♂️	people	man facepalming: dark skin tone
🤦‍♀️	people	woman facepalming woman female girl disbelief exasperation face facepalm palm women
🤦🏻‍♀️	people	woman facepalming: light skin tone
🤦🏼‍♀️	people	woman facepalming: medium-light skin tone
🤦🏽‍♀️	people	woman facepalming: medium skin tone
🤦🏾‍♀️	people	woman facepalming: medium-dark skin tone
🤦🏿‍♀️	people	woman facepalming: dark skin tone
🤷	people	person shrugging regardless doubt ignorance indifference shrug shruggie ¯\
🤷🏻	people	person shrugging: light skin tone
🤷🏼	people	person shrugging: medium-light skin tone
🤷🏽	people	person shrugging: medium skin tone
🤷🏾	people	person shrugging: medium-dark skin tone
🤷🏿	people	person shrugging: dark skin tone
🤷‍♂️	people	man shrugging man male boy confused indifferent doubt ignorance indifference men shrug
🤷🏻‍♂️	people	man shrugging: light skin tone
🤷🏼‍♂️	people	man shrugging: medium-light skin tone
🤷🏽‍♂️	people	man shrugging: medium skin tone
🤷🏾‍♂️	people	man shrugging: medium-dark skin tone
🤷🏿‍♂️	people	man shrugging: dark skin tone
🤷‍♀️	people	woman shrugging woman female girl confused indifferent doubt ignorance indifference shrug women
🤷🏻‍♀️	people	woman shrugging: light skin tone
🤷🏼‍♀️	people	woman shrugging: medium-light skin tone
🤷🏽‍♀️	people	woman shrugging: medium skin tone
🤷🏾‍♀️	people	woman shrugging: medium-dark skin tone
🤷🏿‍♀️	people	woman shrugging: dark skin tone
🧑‍⚕️	people	health worker hospital dentist doctor healthcare md nurse physician professional therapist
🧑🏻‍⚕️	people	health worker: light skin tone
🧑🏼‍⚕️	people	health worker: medium-light skin tone
🧑🏽‍⚕️	people	health worker: medium skin tone
🧑🏾‍⚕️	people	health worker: medium-dark skin tone
🧑🏿‍⚕️	people	health worker: dark skin tone
👨‍⚕️	people	man health worker doctor nurse therapist healthcare man human dentist male md men physician professional
👨🏻‍⚕️	people	man health worker: light skin tone
👨🏼‍⚕️	people	man health worker: medium-light skin tone
👨🏽‍⚕️	people	man health worker: medium skin tone
👨🏾‍⚕️	people	man health worker: medium-dark skin tone
👨🏿‍⚕️	people	man health worker: dark skin tone
👩‍⚕️	people	woman health worker doctor nurse therapist healthcare woman human dentist female md physician professional women
👩🏻‍⚕️	people	woman health worker: light skin tone
👩🏼‍⚕️	people	woman health worker: medium-light skin tone
👩🏽‍⚕️	people	woman health worker: medium skin tone
👩🏾‍⚕️	people	woman health worker: medium-dark skin tone
👩🏿‍⚕️	people	woman health worker: dark skin tone
🧑‍🎓	people	student learn education graduate pupil school
🧑🏻‍🎓	people	student: light skin tone
🧑🏼‍🎓	people	student: medium-light skin tone
🧑🏽‍🎓	people	student: medium skin tone
🧑🏾‍🎓	people	student: medium-dark skin tone
🧑🏿‍🎓	people	student: dark skin tone
👨‍🎓	people	man student graduate man human education graduation male men pupil school
👨🏻‍🎓	people	man student: light skin tone
👨🏼‍🎓	people	man student: medium-light skin tone
👨🏽‍🎓	people	man student: medium skin tone
👨🏾‍🎓	people	man student: medium-dark skin tone
👨🏿‍🎓	people	man student: dark skin tone
👩‍🎓	people	woman student graduate woman human education female graduation pupil school women
👩🏻‍🎓	people	woman student: light skin tone
👩🏼‍🎓	people	woman student: medium-light skin tone
👩🏽‍🎓	people	woman student: medium skin tone
👩🏾‍🎓	people	woman student: medium-dark skin tone
👩🏿‍🎓	people	woman student: dark skin tone
🧑‍🏫	people	teacher professor education educator instructor
🧑🏻‍🏫	people	teacher: light skin tone
🧑🏼‍🏫	people	teacher: medium-light skin tone
🧑🏽‍🏫	people	teacher: medium skin tone
🧑🏾‍🏫	people	teacher: medium-dark skin tone
🧑🏿‍🏫	people	teacher: dark skin tone
👨‍🏫	people	man teacher instructor professor man human education educator male men school
👨🏻‍🏫	people	man teacher: light skin tone
👨🏼‍🏫	people	man teacher: medium-light skin tone
👨🏽‍🏫	people	man teacher: medium skin tone
👨🏾‍🏫	people	man teacher: medium-dark skin tone
👨🏿‍🏫	people	man teacher: dark skin tone
👩‍🏫	people	woman teacher instructor professor woman human education educator female school women
👩🏻‍🏫	people	woman teacher: light skin tone
👩🏼‍🏫	people	woman teacher: medium-light skin tone
👩🏽‍🏫	people	woman teacher: medium skin tone
👩🏾‍🏫	people	woman teacher: medium-dark skin tone
👩🏿‍🏫	people	woman teacher: dark skin tone
🧑‍⚖️	people	judge law court justice scales
🧑🏻‍⚖️	people	judge: light skin tone
🧑🏼‍⚖️	people	judge: medium-light skin tone
🧑🏽‍⚖️	people	judge: medium skin tone
🧑🏾‍⚖️	people	judge: medium-dark skin tone
🧑🏿‍⚖️	people	judge: dark skin tone
👨‍⚖️	people	man judge justice court man human law male men scales
👨🏻‍⚖️	people	man judge: light skin tone
👨🏼‍⚖️	people	man judge: medium-light skin tone
👨🏽‍⚖️	people	man judge: medium skin tone
👨🏾‍⚖️	people	man judge: medium-dark skin tone
👨🏿‍⚖️	people	man judge: dark skin tone
👩‍⚖️	people	woman judge justice court woman human female law scales women
👩🏻‍⚖️	people	woman judge: light skin tone
👩🏼‍⚖️	people	woman judge: medium-light skin tone
👩🏽‍⚖️	people	woman judge: medium skin tone
👩🏾‍⚖️	people	woman judge: medium-dark skin tone
👩🏿‍⚖️	people	woman judge: dark skin tone
🧑‍🌾	people	farmer crops farm farming gardener rancher worker
🧑🏻‍🌾	people	farmer: light skin tone
🧑🏼‍🌾	people	farmer: medium-light skin tone
🧑🏽‍🌾	people	farmer: medium skin tone
🧑🏾‍🌾	people	farmer: medium-dark skin tone
🧑🏿‍🌾	people	farmer: dark skin tone
👨‍🌾	people	man farmer rancher gardener man human farm farming male men worker
👨🏻‍🌾	people	man farmer: light skin tone
👨🏼‍🌾	people	man farmer: medium-light skin tone
👨🏽‍🌾	people	man farmer: medium skin tone
👨🏾‍🌾	people	man farmer: medium-dark skin tone
👨🏿‍🌾	people	man farmer: dark skin tone
👩‍🌾	people	woman farmer rancher gardener woman human farm farming female women worker
👩🏻‍🌾	people	woman farmer: light skin tone
👩🏼‍🌾	people	woman farmer: medium-light skin tone
👩🏽‍🌾	people	woman farmer: medium skin tone
👩🏾‍🌾	people	woman farmer: medium-dark skin tone
👩🏿‍🌾	people	woman farmer: dark skin tone
🧑‍🍳	people	cook food kitchen culinary chef cooking service
🧑🏻‍🍳	people	cook: light skin tone
🧑🏼‍🍳	people	cook: medium-light skin tone
🧑🏽‍🍳	people	cook: medium skin tone
🧑🏾‍🍳	people	cook: medium-dark skin tone
🧑🏿‍🍳	people	cook: dark skin tone
👨‍🍳	people	man cook chef man human cooking food male men service
👨🏻‍🍳	people	man cook: light skin tone
👨🏼‍🍳	people	man cook: medium-light skin tone
👨🏽‍🍳	people	man cook: medium skin tone
👨🏾‍🍳	people	man cook: medium-dark skin tone
👨🏿‍🍳	people	man cook: dark skin tone
👩‍🍳	people	woman cook chef woman human cooking female food service women
👩🏻‍🍳	people	woman cook: light skin tone
👩🏼‍🍳	people	woman cook: medium-light skin tone
👩🏽‍🍳	people	woman cook: medium skin tone
👩🏾‍🍳	people	woman cook: medium-dark skin tone
👩🏿‍🍳	people	woman cook: dark skin tone
🧑‍🔧	people	mechanic worker technician electrician person plumber repair tradesperson
🧑🏻‍🔧	people	mechanic: light skin tone
🧑🏼‍🔧	people	mechanic: medium-light skin tone
🧑🏽‍🔧	people	mechanic: medium skin tone
🧑🏾‍🔧	people	mechanic: medium-dark skin tone
🧑🏿‍🔧	people	mechanic: dark skin tone
👨‍🔧	people	man mechanic plumber man human wrench electrician male men person repair tradesperson
👨🏻‍🔧	people	man mechanic: light skin tone
👨🏼‍🔧	people	man mechanic: medium-light skin tone
👨🏽‍🔧	people	man mechanic: medium skin tone
👨🏾‍🔧	people	man mechanic: medium-dark skin tone
👨🏿‍🔧	people	man mechanic: dark skin tone
👩‍🔧	people	woman mechanic plumber woman human wrench electrician female person repair tradesperson women
👩🏻‍🔧	people	woman mechanic: light skin tone
👩🏼‍🔧	people	woman mechanic: medium-light skin tone
👩🏽‍🔧	people	woman mechanic: medium skin tone
👩🏾‍🔧	people	woman mechanic: medium-dark skin tone
👩🏿‍🔧	people	woman mechanic: dark skin tone
🧑‍🏭	people	factory worker labor assembly industrial welder
🧑🏻‍🏭	people	factory worker: light skin tone
🧑🏼‍🏭	people	factory worker: medium-light skin tone
🧑🏽‍🏭	people	factory worker: medium skin tone
🧑🏾‍🏭	people	factory worker: medium-dark skin tone
🧑🏿‍🏭	people	factory worker: dark skin tone
👨‍🏭	people	man factory worker assembly industrial man human male men welder
👨🏻‍🏭	people	man factory worker: light skin tone
👨🏼‍🏭	people	man factory worker: medium-light skin tone
👨🏽‍🏭	people	man factory worker: medium skin tone
👨🏾‍🏭	people	man factory worker: medium-dark skin tone
👨🏿‍🏭	people	man factory worker: dark skin tone
👩‍🏭	people	woman factory worker assembly industrial woman human female welder women
👩🏻‍🏭	people	woman factory worker: light skin tone
👩🏼‍🏭	people	woman factory worker: medium-light skin tone
👩🏽‍🏭	people	woman factory worker: medium skin tone
👩🏾‍🏭	people	woman factory worker: medium-dark skin tone
👩🏿‍🏭	people	woman factory worker: dark skin tone
🧑‍💼	people	office worker business accountant adviser analyst architect banker clerk manager
🧑🏻‍💼	people	office worker: light skin tone
🧑🏼‍💼	people	office worker: medium-light skin tone
🧑🏽‍💼	people	office worker: medium skin tone
🧑🏾‍💼	people	office worker: medium-dark skin tone
🧑🏿‍💼	people	office worker: dark skin tone
👨‍💼	people	man office worker business manager man human accountant adviser analyst architect banker businessman ceo clerk male men
👨🏻‍💼	people	man office worker: light skin tone
👨🏼‍💼	people	man office worker: medium-light skin tone
👨🏽‍💼	people	man office worker: medium skin tone
👨🏾‍💼	people	man office worker: medium-dark skin tone
👨🏿‍💼	people	man office worker: dark skin tone
👩‍💼	people	woman office worker business manager woman human accountant adviser analyst architect banker businesswoman ceo clerk female women
👩🏻‍💼	people	woman office worker: light skin tone
👩🏼‍💼	people	woman office worker: medium-light skin tone
👩🏽‍💼	people	woman office worker: medium skin tone
👩🏾‍💼	people	woman office worker: medium-dark skin tone
👩🏿‍💼	people	woman office worker: dark skin tone
🧑‍🔬	people	scientist chemistry biologist chemist engineer lab mathematician physicist technician
🧑🏻‍🔬	people	scientist: light skin tone
🧑🏼‍🔬	people	scientist: medium-light skin tone
🧑🏽‍🔬	people	scientist: medium skin tone
🧑🏾‍🔬	people	scientist: medium-dark skin tone
🧑🏿‍🔬	people	scientist: dark skin tone
👨‍🔬	people	man scientist biologist chemist engineer physicist man human lab male mathematician men research technician
👨🏻‍🔬	people	man scientist: light skin tone
👨🏼‍🔬	people	man scientist: medium-light skin tone
👨🏽‍🔬	people	man scientist: medium skin tone
👨🏾‍🔬	people	man scientist: medium-dark skin tone
👨🏿‍🔬	people	man scientist: dark skin tone
👩‍🔬	people	woman scientist biologist chemist engineer physicist woman human female lab mathematician research technician women
👩🏻‍🔬	people	woman scientist: light skin tone
👩🏼‍🔬	people	woman scientist: medium-light skin tone
👩🏽‍🔬	people	woman scientist: medium skin tone
👩🏾‍🔬	people	woman scientist: medium-dark skin tone
👩🏿‍🔬	people	woman scientist: dark skin tone
🧑‍💻	people	technologist computer coder engineer laptop software technology developer
🧑🏻‍💻	people	technologist: light skin tone
🧑🏼‍💻	people	technologist: medium-light skin tone
🧑🏽‍💻	people	technologist: medium skin tone
🧑🏾‍💻	people	technologist: medium-dark skin tone
🧑🏿‍💻	people	technologist: dark skin tone
👨‍💻	people	man technologist coder developer engineer programmer software man human laptop computer blogger male men technology
👨🏻‍💻	people	man technologist: light skin tone
👨🏼‍💻	people	man technologist: medium-light skin tone
👨🏽‍💻	people	man technologist: medium skin tone
👨🏾‍💻	people	man technologist: medium-dark skin tone
👨🏿‍💻	people	man technologist: dark skin tone
👩‍💻	people	woman technologist coder developer engineer programmer software woman human laptop computer blogger female technology women
👩🏻‍💻	people	woman technologist: light skin tone
👩🏼‍💻	people	woman technologist: medium-light skin tone
👩🏽‍💻	people	woman technologist: medium skin tone
👩🏾‍💻	people	woman technologist: medium-dark skin tone
👩🏿‍💻	people	woman technologist: dark skin tone
🧑‍🎤	people	singer song artist performer actor entertainer music musician rock rocker rockstar star
🧑🏻‍🎤	people	singer: light skin tone
🧑🏼‍🎤	people	singer: medium-light skin tone
🧑🏽‍🎤	people	singer: medium skin tone
🧑🏾‍🎤	people	singer: medium-dark skin tone
🧑🏿‍🎤	people	singer: dark skin tone
👨‍🎤	people	man singer rockstar entertainer man human actor aladdin bowie male men music musician rock rocker sane star
👨🏻‍🎤	people	man singer: light skin tone
👨🏼‍🎤	people	man singer: medium-light skin tone
👨🏽‍🎤	people	man singer: medium skin tone
👨🏾‍🎤	people	man singer: medium-dark skin tone
👨🏿‍🎤	people	man singer: dark skin tone
👩‍🎤	people	woman singer rockstar entertainer woman human actor female music musician rock rocker star women
👩🏻‍🎤	people	woman singer: light skin tone
👩🏼‍🎤	people	woman singer: medium-light skin tone
👩🏽‍🎤	people	woman singer: medium skin tone
👩🏾‍🎤	people	woman singer: medium-dark skin tone
👩🏿‍🎤	people	woman singer: dark skin tone
🧑‍🎨	people	artist painting draw creativity art paint painter palette
🧑🏻‍🎨	people	artist: light skin tone
🧑🏼‍🎨	people	artist: medium-light skin tone
🧑🏽‍🎨	people	artist: medium skin tone
🧑🏾‍🎨	people	artist: medium-dark skin tone
🧑🏿‍🎨	people	artist: dark skin tone
👨‍🎨	people	man artist painter man human art male men paint palette
👨🏻‍🎨	people	man artist: light skin tone
👨🏼‍🎨	people	man artist: medium-light skin tone
👨🏽‍🎨	people	man artist: medium skin tone
👨🏾‍🎨	people	man artist: medium-dark skin tone
👨🏿‍🎨	people	man artist: dark skin tone
👩‍🎨	people	woman artist painter woman human art female paint palette women
👩🏻‍🎨	people	woman artist: light skin tone
👩🏼‍🎨	people	woman artist: medium-light skin tone
👩🏽‍🎨	people	woman artist: medium skin tone
👩🏾‍🎨	people	woman artist: medium-dark skin tone
👩🏿‍🎨	people	woman artist: dark skin tone
🧑‍✈️	people	pilot fly plane airplane aviation aviator
🧑🏻‍✈️	people	pilot: light skin tone
🧑🏼‍✈️	people	pilot: medium-light skin tone
🧑🏽‍✈️	people	pilot: medium skin tone
🧑🏾‍✈️	people	pilot: medium-dark skin tone
🧑🏿‍✈️	people	pilot: dark skin tone
👨‍✈️	people	man pilot aviator plane man human airplane aviation male men
👨🏻‍✈️	people	man pilot: light skin tone
👨🏼‍✈️	people	man pilot: medium-light skin tone
👨🏽‍✈️	people	man pilot: medium skin tone
👨🏾‍✈️	people	man pilot: medium-dark skin tone
👨🏿‍✈️	people	man pilot: dark skin tone
👩‍✈️	people	woman pilot aviator plane woman human airplane aviation female women
👩🏻‍✈️	people	woman pilot: light skin tone
👩🏼‍✈️	people	woman pilot: medium-light skin tone
👩🏽‍✈️	people	woman pilot: medium skin tone
👩🏾‍✈️	people	woman pilot: medium-dark skin tone
👩🏿‍✈️	people	woman pilot: dark skin tone
🧑‍🚀	people	astronaut outerspace moon planets rocket space stars
🧑🏻‍🚀	people	astronaut: light skin tone
🧑🏼‍🚀	people	astronaut: medium-light skin tone
🧑🏽‍🚀	people	astronaut: medium skin tone
🧑🏾‍🚀	people	astronaut: medium-dark skin tone
🧑🏿‍🚀	people	astronaut: dark skin tone
👨‍🚀	people	man astronaut space rocket man human cosmonaut male men moon planets stars
👨🏻‍🚀	people	man astronaut: light skin tone
👨🏼‍🚀	people	man astronaut: medium-light skin tone
👨🏽‍🚀	people	man astronaut: medium skin tone
👨🏾‍🚀	people	man astronaut: medium-dark skin tone
👨🏿‍🚀	people	man astronaut: dark skin tone
👩‍🚀	people	woman astronaut space rocket woman human cosmonaut female moon planets stars women
👩🏻‍🚀	people	woman astronaut: light skin tone
👩🏼‍🚀	people	woman astronaut: medium-light skin tone
👩🏽‍🚀	people	woman astronaut: medium skin tone
👩🏾‍🚀	people	woman astronaut: medium-dark skin tone
👩🏿‍🚀	people	woman astronaut: dark skin tone
🧑‍🚒	people	firefighter fire firetruck
🧑🏻‍🚒	people	firefighter: light skin tone
🧑🏼‍🚒	people	firefighter: medium-light skin tone
🧑🏽‍🚒	people	firefighter: medium skin tone
🧑🏾‍🚒	people	firefighter: medium-dark skin tone
🧑🏿‍🚒	people	firefighter: dark skin tone
👨‍🚒	people	man firefighter fireman man human fire firetruck male men
👨🏻‍🚒	people	man firefighter: light skin tone
👨🏼‍🚒	people	man firefighter: medium-light skin tone
👨🏽‍🚒	people	man firefighter: medium skin tone
👨🏾‍🚒	people	man firefighter: medium-dark skin tone
👨🏿‍🚒	people	man firefighter: dark skin tone
👩‍🚒	people	woman firefighter fireman woman human female fire firetruck women
👩🏻‍🚒	people	woman firefighter: light skin tone
👩🏼‍🚒	people	woman firefighter: medium-light skin tone
👩🏽‍🚒	people	woman firefighter: medium skin tone
👩🏾‍🚒	people	woman firefighter: medium-dark skin tone
👩🏿‍🚒	people	woman firefighter: dark skin tone
👮	people	police officer cop law policeman policewoman
👮🏻	people	police officer: light skin tone
👮🏼	people	police officer: medium-light skin tone
👮🏽	people	police officer: medium skin tone
👮🏾	people	police officer: medium-dark skin tone
👮🏿	people	police officer: dark skin tone
👮‍♂️	people	man police officer man police law legal enforcement arrest 911 cop male men policeman
👮🏻‍♂️	people	man police officer: light skin tone
👮🏼‍♂️	people	man police officer: medium-light skin tone
👮🏽‍♂️	people	man police officer: medium skin tone
👮🏾‍♂️	people	man police officer: medium-dark skin tone
👮🏿‍♂️	people	man police officer: dark skin tone
👮‍♀️	people	woman police officer woman police law legal enforcement arrest 911 female cop policewoman women
👮🏻‍♀️	people	woman police officer: light skin tone
👮🏼‍♀️	people	woman police officer: medium-light skin tone
👮🏽‍♀️	people	woman police officer: medium skin tone
👮🏾‍♀️	people	woman police officer: medium-dark skin tone
👮🏿‍♀️	people	woman police officer: dark skin tone
🕵️	people	detective human spy eye or private sleuth
🕵🏻	people	detective: light skin tone
🕵🏼	people	detective: medium-light skin tone
🕵🏽	people	detective: medium skin tone
🕵🏾	people	detective: medium-dark skin tone
🕵🏿	people	detective: dark skin tone
🕵️‍♂️	people	man detective crime male men sleuth spy
🕵🏻‍♂️	people	man detective: light skin tone
🕵🏼‍♂️	people	man detective: medium-light skin tone
🕵🏽‍♂️	people	man detective: medium skin tone
🕵🏾‍♂️	people	man detective: medium-dark skin tone
🕵🏿‍♂️	people	man detective: dark skin tone
🕵️‍♀️	people	woman detective human spy detective female woman sleuth women
🕵🏻‍♀️	people	woman detective: light skin tone
🕵🏼‍♀️	people	woman detective: medium-light skin tone
🕵🏽‍♀️	people	woman detective: medium skin tone
🕵🏾‍♀️	people	woman detective: medium-dark skin tone
🕵🏿‍♀️	people	woman detective: dark skin tone
💂	people	guard protect british guardsman
💂🏻	people	guard: light skin tone
💂🏼	people	guard: medium-light skin tone
💂🏽	people	guard: medium skin tone
💂🏾	people	guard: medium-dark skin tone
💂🏿	people	guard: dark skin tone
💂‍♂️	people	man guard uk gb british male guy royal guardsman men
💂🏻‍♂️	people	man guard: light skin tone
💂🏼‍♂️	people	man guard: medium-light skin tone
💂🏽‍♂️	people	man guard: medium skin tone
💂🏾‍♂️	people	man guard: medium-dark skin tone
💂🏿‍♂️	people	man guard: dark skin tone
💂‍♀️	people	woman guard uk gb british female royal woman guardsman guardswoman women
💂🏻‍♀️	people	woman guard: light skin tone
💂🏼‍♀️	people	woman guard: medium-light skin tone
💂🏽‍♀️	people	woman guard: medium skin tone
💂🏾‍♀️	people	woman guard: medium-dark skin tone
💂🏿‍♀️	people	woman guard: dark skin tone
🥷	people	ninja ninjutsu skills japanese fighter hidden stealth
🥷🏻	people	ninja: light skin tone
🥷🏼	people	ninja: medium-light skin tone
🥷🏽	people	ninja: medium skin tone
🥷🏾	people	ninja: medium-dark skin tone
🥷🏿	people	ninja: dark skin tone
👷	people	construction worker labor build builder face hard hat helmet safety add ci update ci
👷🏻	people	construction worker: light skin tone
👷🏼	people	construction worker: medium-light skin tone
👷🏽	people	construction worker: medium skin tone
👷🏾	people	construction worker: medium-dark skin tone
👷🏿	people	construction worker: dark skin tone
👷‍♂️	people	man construction worker male human wip guy build construction worker labor helmet men
👷🏻‍♂️	people	man construction worker: light skin tone
👷🏼‍♂️	people	man construction worker: medium-light skin tone
👷🏽‍♂️	people	man construction worker: medium skin tone
👷🏾‍♂️	people	man construction worker: medium-dark skin tone
👷🏿‍♂️	people	man construction worker: dark skin tone
👷‍♀️	people	woman construction worker female human wip build construction worker labor woman helmet women
👷🏻‍♀️	people	woman construction worker: light skin tone
👷🏼‍♀️	people	woman construction worker: medium-light skin tone
👷🏽‍♀️	people	woman construction worker: medium skin tone
👷🏾‍♀️	people	woman construction worker: medium-dark skin tone
👷🏿‍♀️	people	woman construction worker: dark skin tone
🫅	people	person with crown royalty power monarch noble regal
🫅🏻	people	person with crown: light skin tone
🫅🏼	people	person with crown: medium-light skin tone
🫅🏽	people	person with crown: medium skin tone
🫅🏾	people	person with crown: medium-dark skin tone
🫅🏿	people	person with crown: dark skin tone
🤴	people	prince boy man male crown royal king fairy fantasy men tale
🤴🏻	people	prince: light skin tone
🤴🏼	people	prince: medium-light skin tone
🤴🏽	people	prince: medium skin tone
🤴🏾	people	prince: medium-dark skin tone
🤴🏿	people	prince: dark skin tone
👸	people	princess girl woman female blond crown royal queen blonde fairy fantasy tale tiara women
👸🏻	people	princess: light skin tone
👸🏼	people	princess: medium-light skin tone
👸🏽	people	princess: medium skin tone
👸🏾	people	princess: medium-dark skin tone
👸🏿	people	princess: dark skin tone
👳	people	person wearing turban headdress arab man muslim sikh
👳🏻	people	person wearing turban: light skin tone
👳🏼	people	person wearing turban: medium-light skin tone
👳🏽	people	person wearing turban: medium skin tone
👳🏾	people	person wearing turban: medium-dark skin tone
👳🏿	people	person wearing turban: dark skin tone
👳‍♂️	people	man wearing turban male indian hinduism arabs men
👳🏻‍♂️	people	man wearing turban: light skin tone
👳🏼‍♂️	people	man wearing turban: medium-light skin tone
👳🏽‍♂️	people	man wearing turban: medium skin tone
👳🏾‍♂️	people	man wearing turban: medium-dark skin tone
👳🏿‍♂️	people	man wearing turban: dark skin tone
👳‍♀️	people	woman wearing turban female indian hinduism arabs woman women
👳🏻‍♀️	people	woman wearing turban: light skin tone
👳🏼‍♀️	people	woman wearing turban: medium-light skin tone
👳🏽‍♀️	people	woman wearing turban: medium skin tone
👳🏾‍♀️	people	woman wearing turban: medium-dark skin tone
👳🏿‍♀️	people	woman wearing turban: dark skin tone
👲	people	person with skullcap man with skullcap male boy chinese asian cap gua hat mao person pi
👲🏻	people	person with skullcap: light skin tone
👲🏼	people	person with skullcap: medium-light skin tone
👲🏽	people	person with skullcap: medium skin tone
👲🏾	people	person with skullcap: medium-dark skin tone
👲🏿	people	person with skullcap: dark skin tone
🧕	people	woman with headscarf female hijab mantilla tichel
🧕🏻	people	woman with headscarf: light skin tone
🧕🏼	people	woman with headscarf: medium-light skin tone
🧕🏽	people	woman with headscarf: medium skin tone
🧕🏾	people	woman with headscarf: medium-dark skin tone
🧕🏿	people	woman with headscarf: dark skin tone
🤵	people	person in tuxedo man in tuxedo couple marriage wedding groom male men person suit
🤵🏻	people	person in tuxedo: light skin tone
🤵🏼	people	person in tuxedo: medium-light skin tone
🤵🏽	people	person in tuxedo: medium skin tone
🤵🏾	people	person in tuxedo: medium-dark skin tone
🤵🏿	people	person in tuxedo: dark skin tone
🤵‍♂️	people	man in tuxedo formal fashion groom male men person suit wedding
🤵🏻‍♂️	people	man in tuxedo: light skin tone
🤵🏼‍♂️	people	man in tuxedo: medium-light skin tone
🤵🏽‍♂️	people	man in tuxedo: medium skin tone
🤵🏾‍♂️	people	man in tuxedo: medium-dark skin tone
🤵🏿‍♂️	people	man in tuxedo: dark skin tone
🤵‍♀️	people	woman in tuxedo formal fashion female wedding women
🤵🏻‍♀️	people	woman in tuxedo: light skin tone
🤵🏼‍♀️	people	woman in tuxedo: medium-light skin tone
🤵🏽‍♀️	people	woman in tuxedo: medium skin tone
🤵🏾‍♀️	people	woman in tuxedo: medium-dark skin tone
🤵🏿‍♀️	people	woman in tuxedo: dark skin tone
👰	people	person with veil bride with veil couple marriage wedding woman bride person
👰🏻	people	person with veil: light skin tone
👰🏼	people	person with veil: medium-light skin tone
👰🏽	people	person with veil: medium skin tone
👰🏾	people	person with veil: medium-dark skin tone
👰🏿	people	person with veil: dark skin tone
👰‍♂️	people	man with veil wedding marriage bride male men
👰🏻‍♂️	people	man with veil: light skin tone
👰🏼‍♂️	people	man with veil: medium-light skin tone
👰🏽‍♂️	people	man with veil: medium skin tone
👰🏾‍♂️	people	man with veil: medium-dark skin tone
👰🏿‍♂️	people	man with veil: dark skin tone
👰‍♀️	people	woman with veil wedding marriage bride female women
👰🏻‍♀️	people	woman with veil: light skin tone
👰🏼‍♀️	people	woman with veil: medium-light skin tone
👰🏽‍♀️	people	woman with veil: medium skin tone
👰🏾‍♀️	people	woman with veil: medium-dark skin tone
👰🏿‍♀️	people	woman with veil: dark skin tone
🤰	people	pregnant woman baby female pregnancy pregnant lady women
🤰🏻	people	pregnant woman: light skin tone
🤰🏼	people	pregnant woman: medium-light skin tone
🤰🏽	people	pregnant woman: medium skin tone
🤰🏾	people	pregnant woman: medium-dark skin tone
🤰🏿	people	pregnant woman: dark skin tone
🫃	people	pregnant man baby belly bloated full
🫃🏻	people	pregnant man: light skin tone
🫃🏼	people	pregnant man: medium-light skin tone
🫃🏽	people	pregnant man: medium skin tone
🫃🏾	people	pregnant man: medium-dark skin tone
🫃🏿	people	pregnant man: dark skin tone
🫄	people	pregnant person baby belly bloated full
🫄🏻	people	pregnant person: light skin tone
🫄🏼	people	pregnant person: medium-light skin tone
🫄🏽	people	pregnant person: medium skin tone
🫄🏾	people	pregnant person: medium-dark skin tone
🫄🏿	people	pregnant person: dark skin tone
🤱	people	breast-feeding breast feeding nursing baby breastfeeding child female infant milk mother woman women
🤱🏻	people	breast-feeding: light skin tone
🤱🏼	people	breast-feeding: medium-light skin tone
🤱🏽	people	breast-feeding: medium skin tone
🤱🏾	people	breast-feeding: medium-dark skin tone
🤱🏿	people	breast-feeding: dark skin tone
👩‍🍼	people	woman feeding baby birth food bottle child female infant milk nursing women
👩🏻‍🍼	people	woman feeding baby: light skin tone
👩🏼‍🍼	people	woman feeding baby: medium-light skin tone
👩🏽‍🍼	people	woman feeding baby: medium skin tone
👩🏾‍🍼	people	woman feeding baby: medium-dark skin tone
👩🏿‍🍼	people	woman feeding baby: dark skin tone
👨‍🍼	people	man feeding baby birth food bottle child infant male men milk nursing
👨🏻‍🍼	people	man feeding baby: light skin tone
👨🏼‍🍼	people	man feeding baby: medium-light skin tone
👨🏽‍🍼	people	man feeding baby: medium skin tone
👨🏾‍🍼	people	man feeding baby: medium-dark skin tone
👨🏿‍🍼	people	man feeding baby: dark skin tone
🧑‍🍼	people	person feeding baby birth food bottle child infant milk nursing
🧑🏻‍🍼	people	person feeding baby: light skin tone
🧑🏼‍🍼	people	person feeding baby: medium-light skin tone
🧑🏽‍🍼	people	person feeding baby: medium skin tone
🧑🏾‍🍼	people	person feeding baby: medium-dark skin tone
🧑🏿‍🍼	people	person feeding baby: dark skin tone
👼	people	baby angel heaven wings halo cherub cupid face fairy fantasy putto tale
👼🏻	people	baby angel: light skin tone
👼🏼	people	baby angel: medium-light skin tone
👼🏽	people	baby angel: medium skin tone
👼🏾	people	baby angel: medium-dark skin tone
👼🏿	people	baby angel: dark skin tone
🎅	people	santa claus festival man male xmas father christmas activity celebration men nicholas saint sinterklaas
🎅🏻	people	santa claus: light skin tone
🎅🏼	people	santa claus: medium-light skin tone
🎅🏽	people	santa claus: medium skin tone
🎅🏾	people	santa claus: medium-dark skin tone
🎅🏿	people	santa claus: dark skin tone
🤶	people	mrs. claus mrs claus woman female xmas mother christmas activity celebration mrs. santa women
🤶🏻	people	mrs. claus: light skin tone
🤶🏼	people	mrs. claus: medium-light skin tone
🤶🏽	people	mrs. claus: medium skin tone
🤶🏾	people	mrs. claus: medium-dark skin tone
🤶🏿	people	mrs. claus: dark skin tone
🧑‍🎄	people	mx claus christmas activity celebration mx. santa
🧑🏻‍🎄	people	mx claus: light skin tone
🧑🏼‍🎄	people	mx claus: medium-light skin tone
🧑🏽‍🎄	people	mx claus: medium skin tone
🧑🏾‍🎄	people	mx claus: medium-dark skin tone
🧑🏿‍🎄	people	mx claus: dark skin tone
🦸	people	superhero marvel fantasy good hero heroine superpower superpowers
🦸🏻	people	superhero: light skin tone
🦸🏼	people	superhero: medium-light skin tone
🦸🏽	people	superhero: medium skin tone
🦸🏾	people	superhero: medium-dark skin tone
🦸🏿	people	superhero: dark skin tone
🦸‍♂️	people	man superhero man male good hero superpowers fantasy men superpower
🦸🏻‍♂️	people	man superhero: light skin tone
🦸🏼‍♂️	people	man superhero: medium-light skin tone
🦸🏽‍♂️	people	man superhero: medium skin tone
🦸🏾‍♂️	people	man superhero: medium-dark skin tone
🦸🏿‍♂️	people	man superhero: dark skin tone
🦸‍♀️	people	woman superhero woman female good heroine superpowers fantasy hero superpower women
🦸🏻‍♀️	people	woman superhero: light skin tone
🦸🏼‍♀️	people	woman superhero: medium-light skin tone
🦸🏽‍♀️	people	woman superhero: medium skin tone
🦸🏾‍♀️	people	woman superhero: medium-dark skin tone
🦸🏿‍♀️	people	woman superhero: dark skin tone
🦹	people	supervillain marvel bad criminal evil fantasy superpower superpowers villain
🦹🏻	people	supervillain: light skin tone
🦹🏼	people	supervillain: medium-light skin tone
🦹🏽	people	supervillain: medium skin tone
🦹🏾	people	supervillain: medium-dark skin tone
🦹🏿	people	supervillain: dark skin tone
🦹‍♂️	people	man supervillain man male evil bad criminal hero superpowers fantasy men superpower villain
🦹🏻‍♂️	people	man supervillain: light skin tone
🦹🏼‍♂️	people	man supervillain: medium-light skin tone
🦹🏽‍♂️	people	man supervillain: medium skin tone
🦹🏾‍♂️	people	man supervillain: medium-dark skin tone
🦹🏿‍♂️	people	man supervillain: dark skin tone
🦹‍♀️	people	woman supervillain woman female evil bad criminal heroine superpowers fantasy superpower villain women
🦹🏻‍♀️	people	woman supervillain: light skin tone
🦹🏼‍♀️	people	woman supervillain: medium-light skin tone
🦹🏽‍♀️	people	woman supervillain: medium skin tone
🦹🏾‍♀️	people	woman supervillain: medium-dark skin tone
🦹🏿‍♀️	people	woman supervillain: dark skin tone
🧙	people	mage magic fantasy sorcerer sorceress witch wizard
🧙🏻	people	mage: light skin tone
🧙🏼	people	mage: medium-light skin tone
🧙🏽	people	mage: medium skin tone
🧙🏾	people	mage: medium-dark skin tone
🧙🏿	people	mage: dark skin tone
🧙‍♂️	people	man mage man male mage sorcerer fantasy men wizard
🧙🏻‍♂️	people	man mage: light skin tone
🧙🏼‍♂️	people	man mage: medium-light skin tone
🧙🏽‍♂️	people	man mage: medium skin tone
🧙🏾‍♂️	people	man mage: medium-dark skin tone
🧙🏿‍♂️	people	man mage: dark skin tone
🧙‍♀️	people	woman mage woman female mage witch fantasy sorceress wizard women
🧙🏻‍♀️	people	woman mage: light skin tone
🧙🏼‍♀️	people	woman mage: medium-light skin tone
🧙🏽‍♀️	people	woman mage: medium skin tone
🧙🏾‍♀️	people	woman mage: medium-dark skin tone
🧙🏿‍♀️	people	woman mage: dark skin tone
🧚	people	fairy wings magical fantasy oberon puck titania
🧚🏻	people	fairy: light skin tone
🧚🏼	people	fairy: medium-light skin tone
🧚🏽	people	fairy: medium skin tone
🧚🏾	people	fairy: medium-dark skin tone
🧚🏿	people	fairy: dark skin tone
🧚‍♂️	people	man fairy man male fantasy men oberon puck
🧚🏻‍♂️	people	man fairy: light skin tone
🧚🏼‍♂️	people	man fairy: medium-light skin tone
🧚🏽‍♂️	people	man fairy: medium skin tone
🧚🏾‍♂️	people	man fairy: medium-dark skin tone
🧚🏿‍♂️	people	man fairy: dark skin tone
🧚‍♀️	people	woman fairy woman female fantasy titania wings women
🧚🏻‍♀️	people	woman fairy: light skin tone
🧚🏼‍♀️	people	woman fairy: medium-light skin tone
🧚🏽‍♀️	people	woman fairy: medium skin tone
🧚🏾‍♀️	people	woman fairy: medium-dark skin tone
🧚🏿‍♀️	people	woman fairy: dark skin tone
🧛	people	vampire blood twilight dracula fantasy undead
🧛🏻	people	vampire: light skin tone
🧛🏼	people	vampire: medium-light skin tone
🧛🏽	people	vampire: medium skin tone
🧛🏾	people	vampire: medium-dark skin tone
🧛🏿	people	vampire: dark skin tone
🧛‍♂️	people	man vampire man male dracula fantasy men undead
🧛🏻‍♂️	people	man vampire: light skin tone
🧛🏼‍♂️	people	man vampire: medium-light skin tone
🧛🏽‍♂️	people	man vampire: medium skin tone
🧛🏾‍♂️	people	man vampire: medium-dark skin tone
🧛🏿‍♂️	people	man vampire: dark skin tone
🧛‍♀️	people	woman vampire woman female fantasy undead unded women
🧛🏻‍♀️	people	woman vampire: light skin tone
🧛🏼‍♀️	people	woman vampire: medium-light skin tone
🧛🏽‍♀️	people	woman vampire: medium skin tone
🧛🏾‍♀️	people	woman vampire: medium-dark skin tone
🧛🏿‍♀️	people	woman vampire: dark skin tone
🧜	people	merperson sea fantasy merboy mergirl mermaid merman merwoman
🧜🏻	people	merperson: light skin tone
🧜🏼	people	merperson: medium-light skin tone
🧜🏽	people	merperson: medium skin tone
🧜🏾	people	merperson: medium-dark skin tone
🧜🏿	people	merperson: dark skin tone
🧜‍♂️	people	merman man male triton fantasy men mermaid
🧜🏻‍♂️	people	merman: light skin tone
🧜🏼‍♂️	people	merman: medium-light skin tone
🧜🏽‍♂️	people	merman: medium skin tone
🧜🏾‍♂️	people	merman: medium-dark skin tone
🧜🏿‍♂️	people	merman: dark skin tone
🧜‍♀️	people	mermaid woman female merwoman ariel fantasy women
🧜🏻‍♀️	people	mermaid: light skin tone
🧜🏼‍♀️	people	mermaid: medium-light skin tone
🧜🏽‍♀️	people	mermaid: medium skin tone
🧜🏾‍♀️	people	mermaid: medium-dark skin tone
🧜🏿‍♀️	people	mermaid: dark skin tone
🧝	people	elf magical ears fantasy legolas pointed
🧝🏻	people	elf: light skin tone
🧝🏼	people	elf: medium-light skin tone
🧝🏽	people	elf: medium skin tone
🧝🏾	people	elf: medium-dark skin tone
🧝🏿	people	elf: dark skin tone
🧝‍♂️	people	man elf man male ears fantasy magical men pointed
🧝🏻‍♂️	people	man elf: light skin tone
🧝🏼‍♂️	people	man elf: medium-light skin tone
🧝🏽‍♂️	people	man elf: medium skin tone
🧝🏾‍♂️	people	man elf: medium-dark skin tone
🧝🏿‍♂️	people	man elf: dark skin tone
🧝‍♀️	people	woman elf woman female ears fantasy magical pointed women
🧝🏻‍♀️	people	woman elf: light skin tone
🧝🏼‍♀️	people	woman elf: medium-light skin tone
🧝🏽‍♀️	people	woman elf: medium skin tone
🧝🏾‍♀️	people	woman elf: medium-dark skin tone
🧝🏿‍♀️	people	woman elf: dark skin tone
🧞	people	genie magical wishes djinn djinni fantasy jinni
🧞‍♂️	people	man genie man male djinn fantasy men
🧞‍♀️	people	woman genie woman female djinn fantasy women
🧟	people	zombie dead fantasy undead walking
🧟‍♂️	people	man zombie man male dracula undead walking dead fantasy men
🧟‍♀️	people	woman zombie woman female undead walking dead fantasy women
🧌	people	troll mystical monster fairy fantasy tale shrek
🫈	people	hairy creature sasquatch bigfoot treeman
💆	people	person getting massage relax face head massaging salon spa
💆🏻	people	person getting massage: light skin tone
💆🏼	people	person getting massage: medium-light skin tone
💆🏽	people	person getting massage: medium skin tone
💆🏾	people	person getting massage: medium-dark skin tone
💆🏿	people	person getting massage: dark skin tone
💆‍♂️	people	man getting massage male boy man head face men salon spa
💆🏻‍♂️	people	man getting massage: light skin tone
💆🏼‍♂️	people	man getting massage: medium-light skin tone
💆🏽‍♂️	people	man getting massage: medium skin tone
💆🏾‍♂️	people	man getting massage: medium-dark skin tone
💆🏿‍♂️	people	man getting massage: dark skin tone
💆‍♀️	people	woman getting massage female girl woman head face salon spa women
💆🏻‍♀️	people	woman getting massage: light skin tone
💆🏼‍♀️	people	woman getting massage: medium-light skin tone
💆🏽‍♀️	people	woman getting massage: medium skin tone
💆🏾‍♀️	people	woman getting massage: medium-dark skin tone
💆🏿‍♀️	people	woman getting massage: dark skin tone
💇	people	person getting haircut hairstyle barber beauty cutting hair hairdresser parlor
💇🏻	people	person getting haircut: light skin tone
💇🏼	people	person getting haircut: medium-light skin tone
💇🏽	people	person getting haircut: medium skin tone
💇🏾	people	person getting haircut: medium-dark skin tone
💇🏿	people	person getting haircut: dark skin tone
💇‍♂️	people	man getting haircut male boy man barber beauty men parlor
💇🏻‍♂️	people	man getting haircut: light skin tone
💇🏼‍♂️	people	man getting haircut: medium-light skin tone
💇🏽‍♂️	people	man getting haircut: medium skin tone
💇🏾‍♂️	people	man getting haircut: medium-dark skin tone
💇🏿‍♂️	people	man getting haircut: dark skin tone
💇‍♀️	people	woman getting haircut female girl woman barber beauty parlor women
💇🏻‍♀️	people	woman getting haircut: light skin tone
💇🏼‍♀️	people	woman getting haircut: medium-light skin tone
💇🏽‍♀️	people	woman getting haircut: medium skin tone
💇🏾‍♀️	people	woman getting haircut: medium-dark skin tone
💇🏿‍♀️	people	woman getting haircut: dark skin tone
🚶	people	person walking move hike pedestrian walk walker
🚶🏻	people	person walking: light skin tone
🚶🏼	people	person walking: medium-light skin tone
🚶🏽	people	person walking: medium skin tone
🚶🏾	people	person walking: medium-dark skin tone
🚶🏿	people	person walking: dark skin tone
🚶‍♂️	people	man walking human feet steps hike male men pedestrian walk
🚶🏻‍♂️	people	man walking: light skin tone
🚶🏼‍♂️	people	man walking: medium-light skin tone
🚶🏽‍♂️	people	man walking: medium skin tone
🚶🏾‍♂️	people	man walking: medium-dark skin tone
🚶🏿‍♂️	people	man walking: dark skin tone
🚶‍♀️	people	woman walking human feet steps woman female hike pedestrian walk women
🚶🏻‍♀️	people	woman walking: light skin tone
🚶🏼‍♀️	people	woman walking: medium-light skin tone
🚶🏽‍♀️	people	woman walking: medium skin tone
🚶🏾‍♀️	people	woman walking: medium-dark skin tone
🚶🏿‍♀️	people	woman walking: dark skin tone
🚶‍➡️	people	person walking facing right peerson exercise
🚶🏻‍➡️	people	person walking facing right: light skin tone
🚶🏼‍➡️	people	person walking facing right: medium-light skin tone
🚶🏽‍➡️	people	person walking facing right: medium skin tone
🚶🏾‍➡️	people	person walking facing right: medium-dark skin tone
🚶🏿‍➡️	people	person walking facing right: dark skin tone
🚶‍♀️‍➡️	people	woman walking facing right person exercise
🚶🏻‍♀️‍➡️	people	woman walking facing right: light skin tone
🚶🏼‍♀️‍➡️	people	woman walking facing right: medium-light skin tone
🚶🏽‍♀️‍➡️	people	woman walking facing right: medium skin tone
🚶🏾‍♀️‍➡️	people	woman walking facing right: medium-dark skin tone
🚶🏿‍♀️‍➡️	people	woman walking facing right: dark skin tone
🚶‍♂️‍➡️	people	man walking facing right person exercise
🚶🏻‍♂️‍➡️	people	man walking facing right: light skin tone
🚶🏼‍♂️‍➡️	people	man walking facing right: medium-light skin tone
🚶🏽‍♂️‍➡️	people	man walking facing right: medium skin tone
🚶🏾‍♂️‍➡️	people	man walking facing right: medium-dark skin tone
🚶🏿‍♂️‍➡️	people	man walking facing right: dark skin tone
🧍	people	person standing still stand
🧍🏻	people	person standing: light skin tone
🧍🏼	people	person standing: medium-light skin tone
🧍🏽	people	person standing: medium skin tone
🧍🏾	people	person standing: medium-dark skin tone
🧍🏿	people	person standing: dark skin tone
🧍‍♂️	people	man standing still male men stand
🧍🏻‍♂️	people	man standing: light skin tone
🧍🏼‍♂️	people	man standing: medium-light skin tone
🧍🏽‍♂️	people	man standing: medium skin tone
🧍🏾‍♂️	people	man standing: medium-dark skin tone
🧍🏿‍♂️	people	man standing: dark skin tone
🧍‍♀️	people	woman standing still female stand women
🧍🏻‍♀️	people	woman standing: light skin tone
🧍🏼‍♀️	people	woman standing: medium-light skin tone
🧍🏽‍♀️	people	woman standing: medium skin tone
🧍🏾‍♀️	people	woman standing: medium-dark skin tone
🧍🏿‍♀️	people	woman standing: dark skin tone
🧎	people	person kneeling pray respectful kneel
🧎🏻	people	person kneeling: light skin tone
🧎🏼	people	person kneeling: medium-light skin tone
🧎🏽	people	person kneeling: medium skin tone
🧎🏾	people	person kneeling: medium-dark skin tone
🧎🏿	people	person kneeling: dark skin tone
🧎‍♂️	people	man kneeling pray respectful kneel male men
🧎🏻‍♂️	people	man kneeling: light skin tone
🧎🏼‍♂️	people	man kneeling: medium-light skin tone
🧎🏽‍♂️	people	man kneeling: medium skin tone
🧎🏾‍♂️	people	man kneeling: medium-dark skin tone
🧎🏿‍♂️	people	man kneeling: dark skin tone
🧎‍♀️	people	woman kneeling respectful pray female kneel women
🧎🏻‍♀️	people	woman kneeling: light skin tone
🧎🏼‍♀️	people	woman kneeling: medium-light skin tone
🧎🏽‍♀️	people	woman kneeling: medium skin tone
🧎🏾‍♀️	people	woman kneeling: medium-dark skin tone
🧎🏿‍♀️	people	woman kneeling: dark skin tone
🧎‍➡️	people	person kneeling facing right pray
🧎🏻‍➡️	people	person kneeling facing right: light skin tone
🧎🏼‍➡️	people	person kneeling facing right: medium-light skin tone
🧎🏽‍➡️	people	person kneeling facing right: medium skin tone
🧎🏾‍➡️	people	person kneeling facing right: medium-dark skin tone
🧎🏿‍➡️	people	person kneeling facing right: dark skin tone
🧎‍♀️‍➡️	people	woman kneeling facing right pray worship
🧎🏻‍♀️‍➡️	people	woman kneeling facing right: light skin tone
🧎🏼‍♀️‍➡️	people	woman kneeling facing right: medium-light skin tone
🧎🏽‍♀️‍➡️	people	woman kneeling facing right: medium skin tone
🧎🏾‍♀️‍➡️	people	woman kneeling facing right: medium-dark skin tone
🧎🏿‍♀️‍➡️	people	woman kneeling facing right: dark skin tone
🧎‍♂️‍➡️	people	man kneeling facing right pray worship
🧎🏻‍♂️‍➡️	people	man kneeling facing right: light skin tone
🧎🏼‍♂️‍➡️	people	man kneeling facing right: medium-light skin tone
🧎🏽‍♂️‍➡️	people	man kneeling facing right: medium skin tone
🧎🏾‍♂️‍➡️	people	man kneeling facing right: medium-dark skin tone
🧎🏿‍♂️‍➡️	people	man kneeling facing right: dark skin tone
🧑‍🦯	people	person with white cane person with probing cane blind accessibility white
🧑🏻‍🦯	people	person with white cane: light skin tone
🧑🏼‍🦯	people	person with white cane: medium-light skin tone
🧑🏽‍🦯	people	person with white cane: medium skin tone
🧑🏾‍🦯	people	person with white cane: medium-dark skin tone
🧑🏿‍🦯	people	person with white cane: dark skin tone
🧑‍🦯‍➡️	people	person with white cane facing right walk visually impaired blind
🧑🏻‍🦯‍➡️	people	person with white cane facing right: light skin tone
🧑🏼‍🦯‍➡️	people	person with white cane facing right: medium-light skin tone
🧑🏽‍🦯‍➡️	people	person with white cane facing right: medium skin tone
🧑🏾‍🦯‍➡️	people	person with white cane facing right: medium-dark skin tone
🧑🏿‍🦯‍➡️	people	person with white cane facing right: dark skin tone
👨‍🦯	people	man with white cane man with probing cane blind accessibility male men white
👨🏻‍🦯	people	man with white cane: light skin tone
👨🏼‍🦯	people	man with white cane: medium-light skin tone
👨🏽‍🦯	people	man with white cane: medium skin tone
👨🏾‍🦯	people	man with white cane: medium-dark skin tone
👨🏿‍🦯	people	man with white cane: dark skin tone
👨‍🦯‍➡️	people	man with white cane facing right visually impaired blind walk stick
👨🏻‍🦯‍➡️	people	man with white cane facing right: light skin tone
👨🏼‍🦯‍➡️	people	man with white cane facing right: medium-light skin tone
👨🏽‍🦯‍➡️	people	man with white cane facing right: medium skin tone
👨🏾‍🦯‍➡️	people	man with white cane facing right: medium-dark skin tone
👨🏿‍🦯‍➡️	people	man with white cane facing right: dark skin tone
👩‍🦯	people	woman with white cane woman with probing cane blind accessibility female white women
👩🏻‍🦯	people	woman with white cane: light skin tone
👩🏼‍🦯	people	woman with white cane: medium-light skin tone
👩🏽‍🦯	people	woman with white cane: medium skin tone
👩🏾‍🦯	people	woman with white cane: medium-dark skin tone
👩🏿‍🦯	people	woman with white cane: dark skin tone
👩‍🦯‍➡️	people	woman with white cane facing right stick visually impaired blind
👩🏻‍🦯‍➡️	people	woman with white cane facing right: light skin tone
👩🏼‍🦯‍➡️	people	woman with white cane facing right: medium-light skin tone
👩🏽‍🦯‍➡️	people	woman with white cane facing right: medium skin tone
👩🏾‍🦯‍➡️	people	woman with white cane facing right: medium-dark skin tone
👩🏿‍🦯‍➡️	people	woman with white cane facing right: dark skin tone
🧑‍🦼	people	person in motorized wheelchair disability accessibility
🧑🏻‍🦼	people	person in motorized wheelchair: light skin tone
🧑🏼‍🦼	people	person in motorized wheelchair: medium-light skin tone
🧑🏽‍🦼	people	person in motorized wheelchair: medium skin tone
🧑🏾‍🦼	people	person in motorized wheelchair: medium-dark skin tone
🧑🏿‍🦼	people	person in motorized wheelchair: dark skin tone
🧑‍🦼‍➡️	people	person in motorized wheelchair facing right accessibility disability
🧑🏻‍🦼‍➡️	people	person in motorized wheelchair facing right: light skin tone
🧑🏼‍🦼‍➡️	people	person in motorized wheelchair facing right: medium-light skin tone
🧑🏽‍🦼‍➡️	people	person in motorized wheelchair facing right: medium skin tone
🧑🏾‍🦼‍➡️	people	person in motorized wheelchair facing right: medium-dark skin tone
🧑🏿‍🦼‍➡️	people	person in motorized wheelchair facing right: dark skin tone
👨‍🦼	people	man in motorized wheelchair disability accessibility male men
👨🏻‍🦼	people	man in motorized wheelchair: light skin tone
👨🏼‍🦼	people	man in motorized wheelchair: medium-light skin tone
👨🏽‍🦼	people	man in motorized wheelchair: medium skin tone
👨🏾‍🦼	people	man in motorized wheelchair: medium-dark skin tone
👨🏿‍🦼	people	man in motorized wheelchair: dark skin tone
👨‍🦼‍➡️	people	man in motorized wheelchair facing right disability accessibility mobility
👨🏻‍🦼‍➡️	people	man in motorized wheelchair facing right: light skin tone
👨🏼‍🦼‍➡️	people	man in motorized wheelchair facing right: medium-light skin tone
👨🏽‍🦼‍➡️	people	man in motorized wheelchair facing right: medium skin tone
👨🏾‍🦼‍➡️	people	man in motorized wheelchair facing right: medium-dark skin tone
👨🏿‍🦼‍➡️	people	man in motorized wheelchair facing right: dark skin tone
👩‍🦼	people	woman in motorized wheelchair disability accessibility female women
👩🏻‍🦼	people	woman in motorized wheelchair: light skin tone
👩🏼‍🦼	people	woman in motorized wheelchair: medium-light skin tone
👩🏽‍🦼	people	woman in motorized wheelchair: medium skin tone
👩🏾‍🦼	people	woman in motorized wheelchair: medium-dark skin tone
👩🏿‍🦼	people	woman in motorized wheelchair: dark skin tone
👩‍🦼‍➡️	people	woman in motorized wheelchair facing right mobility accessibility disability
👩🏻‍🦼‍➡️	people	woman in motorized wheelchair facing right: light skin tone
👩🏼‍🦼‍➡️	people	woman in motorized wheelchair facing right: medium-light skin tone
👩🏽‍🦼‍➡️	people	woman in motorized wheelchair facing right: medium skin tone
👩🏾‍🦼‍➡️	people	woman in motorized wheelchair facing right: medium-dark skin tone
👩🏿‍🦼‍➡️	people	woman in motorized wheelchair facing right: dark skin tone
🧑‍🦽	people	person in manual wheelchair disability accessibility
🧑🏻‍🦽	people	person in manual wheelchair: light skin tone
🧑🏼‍🦽	people	person in manual wheelchair: medium-light skin tone
🧑🏽‍🦽	people	person in manual wheelchair: medium skin tone
🧑🏾‍🦽	people	person in manual wheelchair: medium-dark skin tone
🧑🏿‍🦽	people	person in manual wheelchair: dark skin tone
🧑‍🦽‍➡️	people	person in manual wheelchair facing right mobility accessibility disability
🧑🏻‍🦽‍➡️	people	person in manual wheelchair facing right: light skin tone
🧑🏼‍🦽‍➡️	people	person in manual wheelchair facing right: medium-light skin tone
🧑🏽‍🦽‍➡️	people	person in manual wheelchair facing right: medium skin tone
🧑🏾‍🦽‍➡️	people	person in manual wheelchair facing right: medium-dark skin tone
🧑🏿‍🦽‍➡️	people	person in manual wheelchair facing right: dark skin tone
👨‍🦽	people	man in manual wheelchair disability accessibility male men
👨🏻‍🦽	people	man in manual wheelchair: light skin tone
👨🏼‍🦽	people	man in manual wheelchair: medium-light skin tone
👨🏽‍🦽	people	man in manual wheelchair: medium skin tone
👨🏾‍🦽	people	man in manual wheelchair: medium-dark skin tone
👨🏿‍🦽	people	man in manual wheelchair: dark skin tone
👨‍🦽‍➡️	people	man in manual wheelchair facing right mobility accessibility disability
👨🏻‍🦽‍➡️	people	man in manual wheelchair facing right: light skin tone
👨🏼‍🦽‍➡️	people	man in manual wheelchair facing right: medium-light skin tone
👨🏽‍🦽‍➡️	people	man in manual wheelchair facing right: medium skin tone
👨🏾‍🦽‍➡️	people	man in manual wheelchair facing right: medium-dark skin tone
👨🏿‍🦽‍➡️	people	man in manual wheelchair facing right: dark skin tone
👩‍🦽	people	woman in manual wheelchair disability accessibility female women
👩🏻‍🦽	people	woman in manual wheelchair: light skin tone
👩🏼‍🦽	people	woman in manual wheelchair: medium-light skin tone
👩🏽‍🦽	people	woman in manual wheelchair: medium skin tone
👩🏾‍🦽	people	woman in manual wheelchair: medium-dark skin tone
👩🏿‍🦽	people	woman in manual wheelchair: dark skin tone
👩‍🦽‍➡️	people	woman in manual wheelchair facing right disability mobility accessibility
👩🏻‍🦽‍➡️	people	woman in manual wheelchair facing right: light skin tone
👩🏼‍🦽‍➡️	people	woman in manual wheelchair facing right: medium-light skin tone
👩🏽‍🦽‍➡️	people	woman in manual wheelchair facing right: medium skin tone
👩🏾‍🦽‍➡️	people	woman in manual wheelchair facing right: medium-dark skin tone
👩🏿‍🦽‍➡️	people	woman in manual wheelchair facing right: dark skin tone
🏃	people	person running move exercise jogging marathon run runner workout
🏃🏻	people	person running: light skin tone
🏃🏼	people	person running: medium-light skin tone
🏃🏽	people	person running: medium skin tone
🏃🏾	people	person running: medium-dark skin tone
🏃🏿	people	person running: dark skin tone
🏃‍♂️	people	man running man walking exercise race running male marathon men racing runner workout
🏃🏻‍♂️	people	man running: light skin tone
🏃🏼‍♂️	people	man running: medium-light skin tone
🏃🏽‍♂️	people	man running: medium skin tone
🏃🏾‍♂️	people	man running: medium-dark skin tone
🏃🏿‍♂️	people	man running: dark skin tone
🏃‍♀️	people	woman running woman walking exercise race running female boy marathon racing runner women workout
🏃🏻‍♀️	people	woman running: light skin tone
🏃🏼‍♀️	people	woman running: medium-light skin tone
🏃🏽‍♀️	people	woman running: medium skin tone
🏃🏾‍♀️	people	woman running: medium-dark skin tone
🏃🏿‍♀️	people	woman running: dark skin tone
🏃‍➡️	people	person running facing right exercise jog
🏃🏻‍➡️	people	person running facing right: light skin tone
🏃🏼‍➡️	people	person running facing right: medium-light skin tone
🏃🏽‍➡️	people	person running facing right: medium skin tone
🏃🏾‍➡️	people	person running facing right: medium-dark skin tone
🏃🏿‍➡️	people	person running facing right: dark skin tone
🏃‍♀️‍➡️	people	woman running facing right exercise jog
🏃🏻‍♀️‍➡️	people	woman running facing right: light skin tone
🏃🏼‍♀️‍➡️	people	woman running facing right: medium-light skin tone
🏃🏽‍♀️‍➡️	people	woman running facing right: medium skin tone
🏃🏾‍♀️‍➡️	people	woman running facing right: medium-dark skin tone
🏃🏿‍♀️‍➡️	people	woman running facing right: dark skin tone
🏃‍♂️‍➡️	people	man running facing right jog exercise
🏃🏻‍♂️‍➡️	people	man running facing right: light skin tone
🏃🏼‍♂️‍➡️	people	man running facing right: medium-light skin tone
🏃🏽‍♂️‍➡️	people	man running facing right: medium skin tone
🏃🏾‍♂️‍➡️	people	man running facing right: medium-dark skin tone
🏃🏿‍♂️‍➡️	people	man running facing right: dark skin tone
🧑‍🩰	people	ballet dancer
🧑🏻‍🩰	people	ballet dancer: light skin tone
🧑🏼‍🩰	people	ballet dancer: medium-light skin tone
🧑🏽‍🩰	people	ballet dancer: medium skin tone
🧑🏾‍🩰	people	ballet dancer: medium-dark skin tone
🧑🏿‍🩰	people	ballet dancer: dark skin tone
💃	people	woman dancing female girl woman fun dance dancer dress red salsa women
💃🏻	people	woman dancing: light skin tone
💃🏼	people	woman dancing: medium-light skin tone
💃🏽	people	woman dancing: medium skin tone
💃🏾	people	woman dancing: medium-dark skin tone
💃🏿	people	woman dancing: dark skin tone
🕺	people	man dancing male boy fun dancer dance disco men
🕺🏻	people	man dancing: light skin tone
🕺🏼	people	man dancing: medium-light skin tone
🕺🏽	people	man dancing: medium skin tone
🕺🏾	people	man dancing: medium-dark skin tone
🕺🏿	people	man dancing: dark skin tone
🕴️	people	person in suit levitating man in suit levitating suit business levitate hover jump boy hovering jabsco male men person rude walt
🕴🏻	people	person in suit levitating: light skin tone
🕴🏼	people	person in suit levitating: medium-light skin tone
🕴🏽	people	person in suit levitating: medium skin tone
🕴🏾	people	person in suit levitating: medium-dark skin tone
🕴🏿	people	person in suit levitating: dark skin tone
👯	people	people with bunny ears perform costume dancer dancing ear partying wearing women
👯🏻	people	people with bunny ears: light skin tone
👯🏼	people	people with bunny ears: medium-light skin tone
👯🏽	people	people with bunny ears: medium skin tone
👯🏾	people	people with bunny ears: medium-dark skin tone
👯🏿	people	people with bunny ears: dark skin tone
👯‍♂️	people	men with bunny ears male bunny men boys dancer dancing ear man partying wearing
👯🏻‍♂️	people	men with bunny ears: light skin tone
👯🏼‍♂️	people	men with bunny ears: medium-light skin tone
👯🏽‍♂️	people	men with bunny ears: medium skin tone
👯🏾‍♂️	people	men with bunny ears: medium-dark skin tone
👯🏿‍♂️	people	men with bunny ears: dark skin tone
👯‍♀️	people	women with bunny ears female bunny women girls dancer dancing ear partying people wearing
👯🏻‍♀️	people	women with bunny ears: light skin tone
👯🏼‍♀️	people	women with bunny ears: medium-light skin tone
👯🏽‍♀️	people	women with bunny ears: medium skin tone
👯🏾‍♀️	people	women with bunny ears: medium-dark skin tone
👯🏿‍♀️	people	women with bunny ears: dark skin tone
🧑🏻‍🐰‍🧑🏼	people	people with bunny ears: light skin tone, medium-light skin tone
🧑🏻‍🐰‍🧑🏽	people	people with bunny ears: light skin tone, medium skin tone
🧑🏻‍🐰‍🧑🏾	people	people with bunny ears: light skin tone, medium-dark skin tone
🧑🏻‍🐰‍🧑🏿	people	people with bunny ears: light skin tone, dark skin tone
🧑🏼‍🐰‍🧑🏻	people	people with bunny ears: medium-light skin tone, light skin tone
🧑🏼‍🐰‍🧑🏽	people	people with bunny ears: medium-light skin tone, medium skin tone
🧑🏼‍🐰‍🧑🏾	people	people with bunny ears: medium-light skin tone, medium-dark skin tone
🧑🏼‍🐰‍🧑🏿	people	people with bunny ears: medium-light skin tone, dark skin tone
🧑🏽‍🐰‍🧑🏻	people	people with bunny ears: medium skin tone, light skin tone
🧑🏽‍🐰‍🧑🏼	people	people with bunny ears: medium skin tone, medium-light skin tone
🧑🏽‍🐰‍🧑🏾	people	people with bunny ears: medium skin tone, medium-dark skin tone
🧑🏽‍🐰‍🧑🏿	people	people with bunny ears: medium skin tone, dark skin tone
🧑🏾‍🐰‍🧑🏻	people	people with bunny ears: medium-dark skin tone, light skin tone
🧑🏾‍🐰‍🧑🏼	people	people with bunny ears: medium-dark skin tone, medium-light skin tone
🧑🏾‍🐰‍🧑🏽	people	people with bunny ears: medium-dark skin tone, medium skin tone
🧑🏾‍🐰‍🧑🏿	people	people with bunny ears: medium-dark skin tone, dark skin tone
🧑🏿‍🐰‍🧑🏻	people	people with bunny ears: dark skin tone, light skin tone
🧑🏿‍🐰‍🧑🏼	people	people with bunny ears: dark skin tone, medium-light skin tone
🧑🏿‍🐰‍🧑🏽	people	people with bunny ears: dark skin tone, medium skin tone
🧑🏿‍🐰‍🧑🏾	people	people with bunny ears: dark skin tone, medium-dark skin tone
👨🏻‍🐰‍👨🏼	people	men with bunny ears: light skin tone, medium-light skin tone
👨🏻‍🐰‍👨🏽	people	men with bunny ears: light skin tone, medium skin tone
👨🏻‍🐰‍👨🏾	people	men with bunny ears: light skin tone, medium-dark skin tone
👨🏻‍🐰‍👨🏿	people	men with bunny ears: light skin tone, dark skin tone
👨🏼‍🐰‍👨🏻	people	men with bunny ears: medium-light skin tone, light skin tone
👨🏼‍🐰‍👨🏽	people	men with bunny ears: medium-light skin tone, medium skin tone
👨🏼‍🐰‍👨🏾	people	men with bunny ears: medium-light skin tone, medium-dark skin tone
👨🏼‍🐰‍👨🏿	people	men with bunny ears: medium-light skin tone, dark skin tone
👨🏽‍🐰‍👨🏻	people	men with bunny ears: medium skin tone, light skin tone
👨🏽‍🐰‍👨🏼	people	men with bunny ears: medium skin tone, medium-light skin tone
👨🏽‍🐰‍👨🏾	people	men with bunny ears: medium skin tone, medium-dark skin tone
👨🏽‍🐰‍👨🏿	people	men with bunny ears: medium skin tone, dark skin tone
👨🏾‍🐰‍👨🏻	people	men with bunny ears: medium-dark skin tone, light skin tone
👨🏾‍🐰‍👨🏼	people	men with bunny ears: medium-dark skin tone, medium-light skin tone
👨🏾‍🐰‍👨🏽	people	men with bunny ears: medium-dark skin tone, medium skin tone
👨🏾‍🐰‍👨🏿	people	men with bunny ears: medium-dark skin tone, dark skin tone
👨🏿‍🐰‍👨🏻	people	men with bunny ears: dark skin tone, light skin tone
👨🏿‍🐰‍👨🏼	people	men with bunny ears: dark skin tone, medium-light skin tone
👨🏿‍🐰‍👨🏽	people	men with bunny ears: dark skin tone, medium skin tone
👨🏿‍🐰‍👨🏾	people	men with bunny ears: dark skin tone, medium-dark skin tone
👩🏻‍🐰‍👩🏼	people	women with bunny ears: light skin tone, medium-light skin tone
👩🏻‍🐰‍👩🏽	people	women with bunny ears: light skin tone, medium skin tone
👩🏻‍🐰‍👩🏾	people	women with bunny ears: light skin tone, medium-dark skin tone
👩🏻‍🐰‍👩🏿	people	women with bunny ears: light skin tone, dark skin tone
👩🏼‍🐰‍👩🏻	people	women with bunny ears: medium-light skin tone, light skin tone
👩🏼‍🐰‍👩🏽	people	women with bunny ears: medium-light skin tone, medium skin tone
👩🏼‍🐰‍👩🏾	people	women with bunny ears: medium-light skin tone, medium-dark skin tone
👩🏼‍🐰‍👩🏿	people	women with bunny ears: medium-light skin tone, dark skin tone
👩🏽‍🐰‍👩🏻	people	women with bunny ears: medium skin tone, light skin tone
👩🏽‍🐰‍👩🏼	people	women with bunny ears: medium skin tone, medium-light skin tone
👩🏽‍🐰‍👩🏾	people	women with bunny ears: medium skin tone, medium-dark skin tone
👩🏽‍🐰‍👩🏿	people	women with bunny ears: medium skin tone, dark skin tone
👩🏾‍🐰‍👩🏻	people	women with bunny ears: medium-dark skin tone, light skin tone
👩🏾‍🐰‍👩🏼	people	women with bunny ears: medium-dark skin tone, medium-light skin tone
👩🏾‍🐰‍👩🏽	people	women with bunny ears: medium-dark skin tone, medium skin tone
👩🏾‍🐰‍👩🏿	people	women with bunny ears: medium-dark skin tone, dark skin tone
👩🏿‍🐰‍👩🏻	people	women with bunny ears: dark skin tone, light skin tone
👩🏿‍🐰‍👩🏼	people	women with bunny ears: dark skin tone, medium-light skin tone
👩🏿‍🐰‍👩🏽	people	women with bunny ears: dark skin tone, medium skin tone
👩🏿‍🐰‍👩🏾	people	women with bunny ears: dark skin tone, medium-dark skin tone
🧖	people	person in steamy room relax spa hamam sauna steam steambath
🧖🏻	people	person in steamy room: light skin tone
🧖🏼	people	person in steamy room: medium-light skin tone
🧖🏽	people	person in steamy room: medium skin tone
🧖🏾	people	person in steamy room: medium-dark skin tone
🧖🏿	people	person in steamy room: dark skin tone
🧖‍♂️	people	man in steamy room male man spa steamroom sauna hamam men steam steambath
🧖🏻‍♂️	people	man in steamy room: light skin tone
🧖🏼‍♂️	people	man in steamy room: medium-light skin tone
🧖🏽‍♂️	people	man in steamy room: medium skin tone
🧖🏾‍♂️	people	man in steamy room: medium-dark skin tone
🧖🏿‍♂️	people	man in steamy room: dark skin tone
🧖‍♀️	people	woman in steamy room female woman spa steamroom sauna hamam steam steambath women
🧖🏻‍♀️	people	woman in steamy room: light skin tone
🧖🏼‍♀️	people	woman in steamy room: medium-light skin tone
🧖🏽‍♀️	people	woman in steamy room: medium skin tone
🧖🏾‍♀️	people	woman in steamy room: medium-dark skin tone
🧖🏿‍♀️	people	woman in steamy room: dark skin tone
🧗	people	person climbing sport bouldering climber rock
🧗🏻	people	person climbing: light skin tone
🧗🏼	people	person climbing: medium-light skin tone
🧗🏽	people	person climbing: medium skin tone
🧗🏾	people	person climbing: medium-dark skin tone
🧗🏿	people	person climbing: dark skin tone
🧗‍♂️	people	man climbing sports hobby man male rock bouldering climber men
🧗🏻‍♂️	people	man climbing: light skin tone
🧗🏼‍♂️	people	man climbing: medium-light skin tone
🧗🏽‍♂️	people	man climbing: medium skin tone
🧗🏾‍♂️	people	man climbing: medium-dark skin tone
🧗🏿‍♂️	people	man climbing: dark skin tone
🧗‍♀️	people	woman climbing sports hobby woman female rock bouldering climber women
🧗🏻‍♀️	people	woman climbing: light skin tone
🧗🏼‍♀️	people	woman climbing: medium-light skin tone
🧗🏽‍♀️	people	woman climbing: medium skin tone
🧗🏾‍♀️	people	woman climbing: medium-dark skin tone
🧗🏿‍♀️	people	woman climbing: dark skin tone
🤺	people	person fencing sports fencing sword fencer
🏇	people	horse racing animal betting competition gambling luck jockey race racehorse
🏇🏻	people	horse racing: light skin tone
🏇🏼	people	horse racing: medium-light skin tone
🏇🏽	people	horse racing: medium skin tone
🏇🏾	people	horse racing: medium-dark skin tone
🏇🏿	people	horse racing: dark skin tone
⛷️	people	skier sports winter snow ski
🏂	people	snowboarder sports winter ski snow snowboard snowboarding
🏂🏻	people	snowboarder: light skin tone
🏂🏼	people	snowboarder: medium-light skin tone
🏂🏽	people	snowboarder: medium skin tone
🏂🏾	people	snowboarder: medium-dark skin tone
🏂🏿	people	snowboarder: dark skin tone
🏌️	people	person golfing sports business ball club golf golfer
🏌🏻	people	person golfing: light skin tone
🏌🏼	people	person golfing: medium-light skin tone
🏌🏽	people	person golfing: medium skin tone
🏌🏾	people	person golfing: medium-dark skin tone
🏌🏿	people	person golfing: dark skin tone
🏌️‍♂️	people	man golfing sport ball golf golfer male men
🏌🏻‍♂️	people	man golfing: light skin tone
🏌🏼‍♂️	people	man golfing: medium-light skin tone
🏌🏽‍♂️	people	man golfing: medium skin tone
🏌🏾‍♂️	people	man golfing: medium-dark skin tone
🏌🏿‍♂️	people	man golfing: dark skin tone
🏌️‍♀️	people	woman golfing sports business woman female ball golf golfer women
🏌🏻‍♀️	people	woman golfing: light skin tone
🏌🏼‍♀️	people	woman golfing: medium-light skin tone
🏌🏽‍♀️	people	woman golfing: medium skin tone
🏌🏾‍♀️	people	woman golfing: medium-dark skin tone
🏌🏿‍♀️	people	woman golfing: dark skin tone
🏄	people	person surfing sport sea surf surfer
🏄🏻	people	person surfing: light skin tone
🏄🏼	people	person surfing: medium-light skin tone
🏄🏽	people	person surfing: medium skin tone
🏄🏾	people	person surfing: medium-dark skin tone
🏄🏿	people	person surfing: dark skin tone
🏄‍♂️	people	man surfing sports ocean sea summer beach male men surfer
🏄🏻‍♂️	people	man surfing: light skin tone
🏄🏼‍♂️	people	man surfing: medium-light skin tone
🏄🏽‍♂️	people	man surfing: medium skin tone
🏄🏾‍♂️	people	man surfing: medium-dark skin tone
🏄🏿‍♂️	people	man surfing: dark skin tone
🏄‍♀️	people	woman surfing sports ocean sea summer beach woman female surfer women
🏄🏻‍♀️	people	woman surfing: light skin tone
🏄🏼‍♀️	people	woman surfing: medium-light skin tone
🏄🏽‍♀️	people	woman surfing: medium skin tone
🏄🏾‍♀️	people	woman surfing: medium-dark skin tone
🏄🏿‍♀️	people	woman surfing: dark skin tone
🚣	people	person rowing boat sport move paddles rowboat vehicle
🚣🏻	people	person rowing boat: light skin tone
🚣🏼	people	person rowing boat: medium-light skin tone
🚣🏽	people	person rowing boat: medium skin tone
🚣🏾	people	person rowing boat: medium-dark skin tone
🚣🏿	people	person rowing boat: dark skin tone
🚣‍♂️	people	man rowing boat sports hobby water ship male men rowboat vehicle
🚣🏻‍♂️	people	man rowing boat: light skin tone
🚣🏼‍♂️	people	man rowing boat: medium-light skin tone
🚣🏽‍♂️	people	man rowing boat: medium skin tone
🚣🏾‍♂️	people	man rowing boat: medium-dark skin tone
🚣🏿‍♂️	people	man rowing boat: dark skin tone
🚣‍♀️	people	woman rowing boat sports hobby water ship woman female rowboat vehicle women
🚣🏻‍♀️	people	woman rowing boat: light skin tone
🚣🏼‍♀️	people	woman rowing boat: medium-light skin tone
🚣🏽‍♀️	people	woman rowing boat: medium skin tone
🚣🏾‍♀️	people	woman rowing boat: medium-dark skin tone
🚣🏿‍♀️	people	woman rowing boat: dark skin tone
🏊	people	person swimming sport pool swim swimmer
🏊🏻	people	person swimming: light skin tone
🏊🏼	people	person swimming: medium-light skin tone
🏊🏽	people	person swimming: medium skin tone
🏊🏾	people	person swimming: medium-dark skin tone
🏊🏿	people	person swimming: dark skin tone
🏊‍♂️	people	man swimming sports exercise human athlete water summer male men swim swimmer
🏊🏻‍♂️	people	man swimming: light skin tone
🏊🏼‍♂️	people	man swimming: medium-light skin tone
🏊🏽‍♂️	people	man swimming: medium skin tone
🏊🏾‍♂️	people	man swimming: medium-dark skin tone
🏊🏿‍♂️	people	man swimming: dark skin tone
🏊‍♀️	people	woman swimming sports exercise human athlete water summer woman female swim swimmer women
🏊🏻‍♀️	people	woman swimming: light skin tone
🏊🏼‍♀️	people	woman swimming: medium-light skin tone
🏊🏽‍♀️	people	woman swimming: medium skin tone
🏊🏾‍♀️	people	woman swimming: medium-dark skin tone
🏊🏿‍♀️	people	woman swimming: dark skin tone
⛹️	people	person bouncing ball sports human basketball player
⛹🏻	people	person bouncing ball: light skin tone
⛹🏼	people	person bouncing ball: medium-light skin tone
⛹🏽	people	person bouncing ball: medium skin tone
⛹🏾	people	person bouncing ball: medium-dark skin tone
⛹🏿	people	person bouncing ball: dark skin tone
⛹️‍♂️	people	man bouncing ball sport basketball male men player
⛹🏻‍♂️	people	man bouncing ball: light skin tone
⛹🏼‍♂️	people	man bouncing ball: medium-light skin tone
⛹🏽‍♂️	people	man bouncing ball: medium skin tone
⛹🏾‍♂️	people	man bouncing ball: medium-dark skin tone
⛹🏿‍♂️	people	man bouncing ball: dark skin tone
⛹️‍♀️	people	woman bouncing ball sports human woman female basketball player women
⛹🏻‍♀️	people	woman bouncing ball: light skin tone
⛹🏼‍♀️	people	woman bouncing ball: medium-light skin tone
⛹🏽‍♀️	people	woman bouncing ball: medium skin tone
⛹🏾‍♀️	people	woman bouncing ball: medium-dark skin tone
⛹🏿‍♀️	people	woman bouncing ball: dark skin tone
🏋️	people	person lifting weights sports training exercise bodybuilder gym lifter weight weightlifter workout
🏋🏻	people	person lifting weights: light skin tone
🏋🏼	people	person lifting weights: medium-light skin tone
🏋🏽	people	person lifting weights: medium skin tone
🏋🏾	people	person lifting weights: medium-dark skin tone
🏋🏿	people	person lifting weights: dark skin tone
🏋️‍♂️	people	man lifting weights sport gym lifter male men weight weightlifter workout
🏋🏻‍♂️	people	man lifting weights: light skin tone
🏋🏼‍♂️	people	man lifting weights: medium-light skin tone
🏋🏽‍♂️	people	man lifting weights: medium skin tone
🏋🏾‍♂️	people	man lifting weights: medium-dark skin tone
🏋🏿‍♂️	people	man lifting weights: dark skin tone
🏋️‍♀️	people	woman lifting weights sports training exercise woman female gym lifter weight weightlifter women workout
🏋🏻‍♀️	people	woman lifting weights: light skin tone
🏋🏼‍♀️	people	woman lifting weights: medium-light skin tone
🏋🏽‍♀️	people	woman lifting weights: medium skin tone
🏋🏾‍♀️	people	woman lifting weights: medium-dark skin tone
🏋🏿‍♀️	people	woman lifting weights: dark skin tone
🚴	people	person biking bicycle bike cyclist sport move bicyclist
🚴🏻	people	person biking: light skin tone
🚴🏼	people	person biking: medium-light skin tone
🚴🏽	people	person biking: medium skin tone
🚴🏾	people	person biking: medium-dark skin tone
🚴🏿	people	person biking: dark skin tone
🚴‍♂️	people	man biking bicycle bike cyclist sports exercise hipster bicyclist male men
🚴🏻‍♂️	people	man biking: light skin tone
🚴🏼‍♂️	people	man biking: medium-light skin tone
🚴🏽‍♂️	people	man biking: medium skin tone
🚴🏾‍♂️	people	man biking: medium-dark skin tone
🚴🏿‍♂️	people	man biking: dark skin tone
🚴‍♀️	people	woman biking bicycle bike cyclist sports exercise hipster woman female bicyclist women
🚴🏻‍♀️	people	woman biking: light skin tone
🚴🏼‍♀️	people	woman biking: medium-light skin tone
🚴🏽‍♀️	people	woman biking: medium skin tone
🚴🏾‍♀️	people	woman biking: medium-dark skin tone
🚴🏿‍♀️	people	woman biking: dark skin tone
🚵	people	person mountain biking bicycle bike cyclist sport move bicyclist biker
🚵🏻	people	person mountain biking: light skin tone
🚵🏼	people	person mountain biking: medium-light skin tone
🚵🏽	people	person mountain biking: medium skin tone
🚵🏾	people	person mountain biking: medium-dark skin tone
🚵🏿	people	person mountain biking: dark skin tone
🚵‍♂️	people	man mountain biking bicycle bike cyclist transportation sports human race bicyclist biker male men
🚵🏻‍♂️	people	man mountain biking: light skin tone
🚵🏼‍♂️	people	man mountain biking: medium-light skin tone
🚵🏽‍♂️	people	man mountain biking: medium skin tone
🚵🏾‍♂️	people	man mountain biking: medium-dark skin tone
🚵🏿‍♂️	people	man mountain biking: dark skin tone
🚵‍♀️	people	woman mountain biking bicycle bike cyclist transportation sports human race woman female bicyclist biker women
🚵🏻‍♀️	people	woman mountain biking: light skin tone
🚵🏼‍♀️	people	woman mountain biking: medium-light skin tone
🚵🏽‍♀️	people	woman mountain biking: medium skin tone
🚵🏾‍♀️	people	woman mountain biking: medium-dark skin tone
🚵🏿‍♀️	people	woman mountain biking: dark skin tone
🤸	people	person cartwheeling sport gymnastic cartwheel doing gymnast gymnastics
🤸🏻	people	person cartwheeling: light skin tone
🤸🏼	people	person cartwheeling: medium-light skin tone
🤸🏽	people	person cartwheeling: medium skin tone
🤸🏾	people	person cartwheeling: medium-dark skin tone
🤸🏿	people	person cartwheeling: dark skin tone
🤸‍♂️	people	man cartwheeling gymnastics cartwheel doing male men
🤸🏻‍♂️	people	man cartwheeling: light skin tone
🤸🏼‍♂️	people	man cartwheeling: medium-light skin tone
🤸🏽‍♂️	people	man cartwheeling: medium skin tone
🤸🏾‍♂️	people	man cartwheeling: medium-dark skin tone
🤸🏿‍♂️	people	man cartwheeling: dark skin tone
🤸‍♀️	people	woman cartwheeling gymnastics cartwheel doing female women
🤸🏻‍♀️	people	woman cartwheeling: light skin tone
🤸🏼‍♀️	people	woman cartwheeling: medium-light skin tone
🤸🏽‍♀️	people	woman cartwheeling: medium skin tone
🤸🏾‍♀️	people	woman cartwheeling: medium-dark skin tone
🤸🏿‍♀️	people	woman cartwheeling: dark skin tone
🤼	people	people wrestling sport wrestle wrestler wrestlers
🤼🏻	people	people wrestling: light skin tone
🤼🏼	people	people wrestling: medium-light skin tone
🤼🏽	people	people wrestling: medium skin tone
🤼🏾	people	people wrestling: medium-dark skin tone
🤼🏿	people	people wrestling: dark skin tone
🤼‍♂️	people	men wrestling sports wrestlers male man wrestle wrestler
🤼🏻‍♂️	people	men wrestling: light skin tone
🤼🏼‍♂️	people	men wrestling: medium-light skin tone
🤼🏽‍♂️	people	men wrestling: medium skin tone
🤼🏾‍♂️	people	men wrestling: medium-dark skin tone
🤼🏿‍♂️	people	men wrestling: dark skin tone
🤼‍♀️	people	women wrestling sports wrestlers female woman wrestle wrestler
🤼🏻‍♀️	people	women wrestling: light skin tone
🤼🏼‍♀️	people	women wrestling: medium-light skin tone
🤼🏽‍♀️	people	women wrestling: medium skin tone
🤼🏾‍♀️	people	women wrestling: medium-dark skin tone
🤼🏿‍♀️	people	women wrestling: dark skin tone
🧑🏻‍🫯‍🧑🏼	people	people wrestling: light skin tone, medium-light skin tone
🧑🏻‍🫯‍🧑🏽	people	people wrestling: light skin tone, medium skin tone
🧑🏻‍🫯‍🧑🏾	people	people wrestling: light skin tone, medium-dark skin tone
🧑🏻‍🫯‍🧑🏿	people	people wrestling: light skin tone, dark skin tone
🧑🏼‍🫯‍🧑🏻	people	people wrestling: medium-light skin tone, light skin tone
🧑🏼‍🫯‍🧑🏽	people	people wrestling: medium-light skin tone, medium skin tone
🧑🏼‍🫯‍🧑🏾	people	people wrestling: medium-light skin tone, medium-dark skin tone
🧑🏼‍🫯‍🧑🏿	people	people wrestling: medium-light skin tone, dark skin tone
🧑🏽‍🫯‍🧑🏻	people	people wrestling: medium skin tone, light skin tone
🧑🏽‍🫯‍🧑🏼	people	people wrestling: medium skin tone, medium-light skin tone
🧑🏽‍🫯‍🧑🏾	people	people wrestling: medium skin tone, medium-dark skin tone
🧑🏽‍🫯‍🧑🏿	people	people wrestling: medium skin tone, dark skin tone
🧑🏾‍🫯‍🧑🏻	people	people wrestling: medium-dark skin tone, light skin tone
🧑🏾‍🫯‍🧑🏼	people	people wrestling: medium-dark skin tone, medium-light skin tone
🧑🏾‍🫯‍🧑🏽	people	people wrestling: medium-dark skin tone, medium skin tone
🧑🏾‍🫯‍🧑🏿	people	people wrestling: medium-dark skin tone, dark skin tone
🧑🏿‍🫯‍🧑🏻	people	people wrestling: dark skin tone, light skin tone
🧑🏿‍🫯‍🧑🏼	people	people wrestling: dark skin tone, medium-light skin tone
🧑🏿‍🫯‍🧑🏽	people	people wrestling: dark skin tone, medium skin tone
🧑🏿‍🫯‍🧑🏾	people	people wrestling: dark skin tone, medium-dark skin tone
👨🏻‍🫯‍👨🏼	people	men wrestling: light skin tone, medium-light skin tone
👨🏻‍🫯‍👨🏽	people	men wrestling: light skin tone, medium skin tone
👨🏻‍🫯‍👨🏾	people	men wrestling: light skin tone, medium-dark skin tone
👨🏻‍🫯‍👨🏿	people	men wrestling: light skin tone, dark skin tone
👨🏼‍🫯‍👨🏻	people	men wrestling: medium-light skin tone, light skin tone
👨🏼‍🫯‍👨🏽	people	men wrestling: medium-light skin tone, medium skin tone
👨🏼‍🫯‍👨🏾	people	men wrestling: medium-light skin tone, medium-dark skin tone
👨🏼‍🫯‍👨🏿	people	men wrestling: medium-light skin tone, dark skin tone
👨🏽‍🫯‍👨🏻	people	men wrestling: medium skin tone, light skin tone
👨🏽‍🫯‍👨🏼	people	men wrestling: medium skin tone, medium-light skin tone
👨🏽‍🫯‍👨🏾	people	men wrestling: medium skin tone, medium-dark skin tone
👨🏽‍🫯‍👨🏿	people	men wrestling: medium skin tone, dark skin tone
👨🏾‍🫯‍👨🏻	people	men wrestling: medium-dark skin tone, light skin tone
👨🏾‍🫯‍👨🏼	people	men wrestling: medium-dark skin tone, medium-light skin tone
👨🏾‍🫯‍👨🏽	people	men wrestling: medium-dark skin tone, medium skin tone
👨🏾‍🫯‍👨🏿	people	men wrestling: medium-dark skin tone, dark skin tone
👨🏿‍🫯‍👨🏻	people	men wrestling: dark skin tone, light skin tone
👨🏿‍🫯‍👨🏼	people	men wrestling: dark skin tone, medium-light skin tone
👨🏿‍🫯‍👨🏽	people	men wrestling: dark skin tone, medium skin tone
👨🏿‍🫯‍👨🏾	people	men wrestling: dark skin tone, medium-dark skin tone
👩🏻‍🫯‍👩🏼	people	women wrestling: light skin tone, medium-light skin tone
👩🏻‍🫯‍👩🏽	people	women wrestling: light skin tone, medium skin tone
👩🏻‍🫯‍👩🏾	people	women wrestling: light skin tone, medium-dark skin tone
👩🏻‍🫯‍👩🏿	people	women wrestling: light skin tone, dark skin tone
👩🏼‍🫯‍👩🏻	people	women wrestling: medium-light skin tone, light skin tone
👩🏼‍🫯‍👩🏽	people	women wrestling: medium-light skin tone, medium skin tone
👩🏼‍🫯‍👩🏾	people	women wrestling: medium-light skin tone, medium-dark skin tone
👩🏼‍🫯‍👩🏿	people	women wrestling: medium-light skin tone, dark skin tone
👩🏽‍🫯‍👩🏻	people	women wrestling: medium skin tone, light skin tone
👩🏽‍🫯‍👩🏼	people	women wrestling: medium skin tone, medium-light skin tone
👩🏽‍🫯‍👩🏾	people	women wrestling: medium skin tone, medium-dark skin tone
👩🏽‍🫯‍👩🏿	people	women wrestling: medium skin tone, dark skin tone
👩🏾‍🫯‍👩🏻	people	women wrestling: medium-dark skin tone, light skin tone
👩🏾‍🫯‍👩🏼	people	women wrestling: medium-dark skin tone, medium-light skin tone
👩🏾‍🫯‍👩🏽	people	women wrestling: medium-dark skin tone, medium skin tone
👩🏾‍🫯‍👩🏿	people	women wrestling: medium-dark skin tone, dark skin tone
👩🏿‍🫯‍👩🏻	people	women wrestling: dark skin tone, light skin tone
👩🏿‍🫯‍👩🏼	people	women wrestling: dark skin tone, medium-light skin tone
👩🏿‍🫯‍👩🏽	people	women wrestling: dark skin tone, medium skin tone
👩🏿‍🫯‍👩🏾	people	women wrestling: dark skin tone, medium-dark skin tone
🤽	people	person playing water polo sport
🤽🏻	people	person playing water polo: light skin tone
🤽🏼	people	person playing water polo: medium-light skin tone
🤽🏽	people	person playing water polo: medium skin tone
🤽🏾	people	person playing water polo: medium-dark skin tone
🤽🏿	people	person playing water polo: dark skin tone
🤽‍♂️	people	man playing water polo sports pool male men
🤽🏻‍♂️	people	man playing water polo: light skin tone
🤽🏼‍♂️	people	man playing water polo: medium-light skin tone
🤽🏽‍♂️	people	man playing water polo: medium skin tone
🤽🏾‍♂️	people	man playing water polo: medium-dark skin tone
🤽🏿‍♂️	people	man playing water polo: dark skin tone
🤽‍♀️	people	woman playing water polo sports pool female women
🤽🏻‍♀️	people	woman playing water polo: light skin tone
🤽🏼‍♀️	people	woman playing water polo: medium-light skin tone
🤽🏽‍♀️	people	woman playing water polo: medium skin tone
🤽🏾‍♀️	people	woman playing water polo: medium-dark skin tone
🤽🏿‍♀️	people	woman playing water polo: dark skin tone
🤾	people	person playing handball sport ball
🤾🏻	people	person playing handball: light skin tone
🤾🏼	people	person playing handball: medium-light skin tone
🤾🏽	people	person playing handball: medium skin tone
🤾🏾	people	person playing handball: medium-dark skin tone
🤾🏿	people	person playing handball: dark skin tone
🤾‍♂️	people	man playing handball sports ball male men
🤾🏻‍♂️	people	man playing handball: light skin tone
🤾🏼‍♂️	people	man playing handball: medium-light skin tone
🤾🏽‍♂️	people	man playing handball: medium skin tone
🤾🏾‍♂️	people	man playing handball: medium-dark skin tone
🤾🏿‍♂️	people	man playing handball: dark skin tone
🤾‍♀️	people	woman playing handball sports ball female women
🤾🏻‍♀️	people	woman playing handball: light skin tone
🤾🏼‍♀️	people	woman playing handball: medium-light skin tone
🤾🏽‍♀️	people	woman playing handball: medium skin tone
🤾🏾‍♀️	people	woman playing handball: medium-dark skin tone
🤾🏿‍♀️	people	woman playing handball: dark skin tone
🤹	people	person juggling performance balance juggle juggler multitask skill
🤹🏻	people	person juggling: light skin tone
🤹🏼	people	person juggling: medium-light skin tone
🤹🏽	people	person juggling: medium skin tone
🤹🏾	people	person juggling: medium-dark skin tone
🤹🏿	people	person juggling: dark skin tone
🤹‍♂️	people	man juggling juggle balance skill multitask juggler male men
🤹🏻‍♂️	people	man juggling: light skin tone
🤹🏼‍♂️	people	man juggling: medium-light skin tone
🤹🏽‍♂️	people	man juggling: medium skin tone
🤹🏾‍♂️	people	man juggling: medium-dark skin tone
🤹🏿‍♂️	people	man juggling: dark skin tone
🤹‍♀️	people	woman juggling juggle balance skill multitask female juggler women
🤹🏻‍♀️	people	woman juggling: light skin tone
🤹🏼‍♀️	people	woman juggling: medium-light skin tone
🤹🏽‍♀️	people	woman juggling: medium skin tone
🤹🏾‍♀️	people	woman juggling: medium-dark skin tone
🤹🏿‍♀️	people	woman juggling: dark skin tone
🧘	people	person in lotus position meditate meditation serenity yoga
🧘🏻	people	person in lotus position: light skin tone
🧘🏼	people	person in lotus position: medium-light skin tone
🧘🏽	people	person in lotus position: medium skin tone
🧘🏾	people	person in lotus position: medium-dark skin tone
🧘🏿	people	person in lotus position: dark skin tone
🧘‍♂️	people	man in lotus position man male meditation yoga serenity zen mindfulness men
🧘🏻‍♂️	people	man in lotus position: light skin tone
🧘🏼‍♂️	people	man in lotus position: medium-light skin tone
🧘🏽‍♂️	people	man in lotus position: medium skin tone
🧘🏾‍♂️	people	man in lotus position: medium-dark skin tone
🧘🏿‍♂️	people	man in lotus position: dark skin tone
🧘‍♀️	people	woman in lotus position woman female meditation yoga serenity zen mindfulness women
🧘🏻‍♀️	people	woman in lotus position: light skin tone
🧘🏼‍♀️	people	woman in lotus position: medium-light skin tone
🧘🏽‍♀️	people	woman in lotus position: medium skin tone
🧘🏾‍♀️	people	woman in lotus position: medium-dark skin tone
🧘🏿‍♀️	people	woman in lotus position: dark skin tone
🛀	people	person taking bath clean shower bathroom bathing bathtub hot
🛀🏻	people	person taking bath: light skin tone
🛀🏼	people	person taking bath: medium-light skin tone
🛀🏽	people	person taking bath: medium skin tone
🛀🏾	people	person taking bath: medium-dark skin tone
🛀🏿	people	person taking bath: dark skin tone
🛌	people	person in bed bed rest accommodation hotel sleep sleeping
🛌🏻	people	person in bed: light skin tone
🛌🏼	people	person in bed: medium-light skin tone
🛌🏽	people	person in bed: medium skin tone
🛌🏾	people	person in bed: medium-dark skin tone
🛌🏿	people	person in bed: dark skin tone
🧑‍🤝‍🧑	people	people holding hands friendship couple date gender hand hold inclusive neutral nonconforming
🧑🏻‍🤝‍🧑🏻	people	people holding hands: light skin tone
🧑🏻‍🤝‍🧑🏼	people	people holding hands: light skin tone, medium-light skin tone
🧑🏻‍🤝‍🧑🏽	people	people holding hands: light skin tone, medium skin tone
🧑🏻‍🤝‍🧑🏾	people	people holding hands: light skin tone, medium-dark skin tone
🧑🏻‍🤝‍🧑🏿	people	people holding hands: light skin tone, dark skin tone
🧑🏼‍🤝‍🧑🏻	people	people holding hands: medium-light skin tone, light skin tone
🧑🏼‍🤝‍🧑🏼	people	people holding hands: medium-light skin tone
🧑🏼‍🤝‍🧑🏽	people	people holding hands: medium-light skin tone, medium skin tone
🧑🏼‍🤝‍🧑🏾	people	people holding hands: medium-light skin tone, medium-dark skin tone
🧑🏼‍🤝‍🧑🏿	people	people holding hands: medium-light skin tone, dark skin tone
🧑🏽‍🤝‍🧑🏻	people	people holding hands: medium skin tone, light skin tone
🧑🏽‍🤝‍🧑🏼	people	people holding hands: medium skin tone, medium-light skin tone
🧑🏽‍🤝‍🧑🏽	people	people holding hands: medium skin tone
🧑🏽‍🤝‍🧑🏾	people	people holding hands: medium skin tone, medium-dark skin tone
🧑🏽‍🤝‍🧑🏿	people	people holding hands: medium skin tone, dark skin tone
🧑🏾‍🤝‍🧑🏻	people	people holding hands: medium-dark skin tone, light skin tone
🧑🏾‍🤝‍🧑🏼	people	people holding hands: medium-dark skin tone, medium-light skin tone
🧑🏾‍🤝‍🧑🏽	people	people holding hands: medium-dark skin tone, medium skin tone
🧑🏾‍🤝‍🧑🏾	people	people holding hands: medium-dark skin tone
🧑🏾‍🤝‍🧑🏿	people	people holding hands: medium-dark skin tone, dark skin tone
🧑🏿‍🤝‍🧑🏻	people	people holding hands: dark skin tone, light skin tone
🧑🏿‍🤝‍🧑🏼	people	people holding hands: dark skin tone, medium-light skin tone
🧑🏿‍🤝‍🧑🏽	people	people holding hands: dark skin tone, medium skin tone
🧑🏿‍🤝‍🧑🏾	people	people holding hands: dark skin tone, medium-dark skin tone
🧑🏿‍🤝‍🧑🏿	people	people holding hands: dark skin tone
👭	people	women holding hands pair friendship couple love like female people human date hand hold lesbian lgbt pride two woman
👭🏻	people	women holding hands: light skin tone
👩🏻‍🤝‍👩🏼	people	women holding hands: light skin tone, medium-light skin tone
👩🏻‍🤝‍👩🏽	people	women holding hands: light skin tone, medium skin tone
👩🏻‍🤝‍👩🏾	people	women holding hands: light skin tone, medium-dark skin tone
👩🏻‍🤝‍👩🏿	people	women holding hands: light skin tone, dark skin tone
👩🏼‍🤝‍👩🏻	people	women holding hands: medium-light skin tone, light skin tone
👭🏼	people	women holding hands: medium-light skin tone
👩🏼‍🤝‍👩🏽	people	women holding hands: medium-light skin tone, medium skin tone
👩🏼‍🤝‍👩🏾	people	women holding hands: medium-light skin tone, medium-dark skin tone
👩🏼‍🤝‍👩🏿	people	women holding hands: medium-light skin tone, dark skin tone
👩🏽‍🤝‍👩🏻	people	women holding hands: medium skin tone, light skin tone
👩🏽‍🤝‍👩🏼	people	women holding hands: medium skin tone, medium-light skin tone
👭🏽	people	women holding hands: medium skin tone
👩🏽‍🤝‍👩🏾	people	women holding hands: medium skin tone, medium-dark skin tone
👩🏽‍🤝‍👩🏿	people	women holding hands: medium skin tone, dark skin tone
👩🏾‍🤝‍👩🏻	people	women holding hands: medium-dark skin tone, light skin tone
👩🏾‍🤝‍👩🏼	people	women holding hands: medium-dark skin tone, medium-light skin tone
👩🏾‍🤝‍👩🏽	people	women holding hands: medium-dark skin tone, medium skin tone
👭🏾	people	women holding hands: medium-dark skin tone
👩🏾‍🤝‍👩🏿	people	women holding hands: medium-dark skin tone, dark skin tone
👩🏿‍🤝‍👩🏻	people	women holding hands: dark skin tone, light skin tone
👩🏿‍🤝‍👩🏼	people	women holding hands: dark skin tone, medium-light skin tone
👩🏿‍🤝‍👩🏽	people	women holding hands: dark skin tone, medium skin tone
👩🏿‍🤝‍👩🏾	people	women holding hands: dark skin tone, medium-dark skin tone
👭🏿	people	women holding hands: dark skin tone
👫	people	woman and man holding hands pair people human love date dating like affection valentines marriage couple female hand heterosexual hold male men straight women
👫🏻	people	woman and man holding hands: light skin tone
👩🏻‍🤝‍👨🏼	people	woman and man holding hands: light skin tone, medium-light skin tone
👩🏻‍🤝‍👨🏽	people	woman and man holding hands: light skin tone, medium skin tone
👩🏻‍🤝‍👨🏾	people	woman and man holding hands: light skin tone, medium-dark skin tone
👩🏻‍🤝‍👨🏿	people	woman and man holding hands: light skin tone, dark skin tone
👩🏼‍🤝‍👨🏻	people	woman and man holding hands: medium-light skin tone, light skin tone
👫🏼	people	woman and man holding hands: medium-light skin tone
👩🏼‍🤝‍👨🏽	people	woman and man holding hands: medium-light skin tone, medium skin tone
👩🏼‍🤝‍👨🏾	people	woman and man holding hands: medium-light skin tone, medium-dark skin tone
👩🏼‍🤝‍👨🏿	people	woman and man holding hands: medium-light skin tone, dark skin tone
👩🏽‍🤝‍👨🏻	people	woman and man holding hands: medium skin tone, light skin tone
👩🏽‍🤝‍👨🏼	people	woman and man holding hands: medium skin tone, medium-light skin tone
👫🏽	people	woman and man holding hands: medium skin tone
👩🏽‍🤝‍👨🏾	people	woman and man holding hands: medium skin tone, medium-dark skin tone
👩🏽‍🤝‍👨🏿	people	woman and man holding hands: medium skin tone, dark skin tone
👩🏾‍🤝‍👨🏻	people	woman and man holding hands: medium-dark skin tone, light skin tone
👩🏾‍🤝‍👨🏼	people	woman and man holding hands: medium-dark skin tone, medium-light skin tone
👩🏾‍🤝‍👨🏽	people	woman and man holding hands: medium-dark skin tone, medium skin tone
👫🏾	people	woman and man holding hands: medium-dark skin tone
👩🏾‍🤝‍👨🏿	people	woman and man holding hands: medium-dark skin tone, dark skin tone
👩🏿‍🤝‍👨🏻	people	woman and man holding hands: dark skin tone, light skin tone
👩🏿‍🤝‍👨🏼	people	woman and man holding hands: dark skin tone, medium-light skin tone
👩🏿‍🤝‍👨🏽	people	woman and man holding hands: dark skin tone, medium skin tone
👩🏿‍🤝‍👨🏾	people	woman and man holding hands: dark skin tone, medium-dark skin tone
👫🏿	people	woman and man holding hands: dark skin tone
👬	people	men holding hands pair couple love like bromance friendship people human date gay hand hold lgbt male man pride two
👬🏻	people	men holding hands: light skin tone
👨🏻‍🤝‍👨🏼	people	men holding hands: light skin tone, medium-light skin tone
👨🏻‍🤝‍👨🏽	people	men holding hands: light skin tone, medium skin tone
👨🏻‍🤝‍👨🏾	people	men holding hands: light skin tone, medium-dark skin tone
👨🏻‍🤝‍👨🏿	people	men holding hands: light skin tone, dark skin tone
👨🏼‍🤝‍👨🏻	people	men holding hands: medium-light skin tone, light skin tone
👬🏼	people	men holding hands: medium-light skin tone
👨🏼‍🤝‍👨🏽	people	men holding hands: medium-light skin tone, medium skin tone
👨🏼‍🤝‍👨🏾	people	men holding hands: medium-light skin tone, medium-dark skin tone
👨🏼‍🤝‍👨🏿	people	men holding hands: medium-light skin tone, dark skin tone
👨🏽‍🤝‍👨🏻	people	men holding hands: medium skin tone, light skin tone
👨🏽‍🤝‍👨🏼	people	men holding hands: medium skin tone, medium-light skin tone
👬🏽	people	men holding hands: medium skin tone
👨🏽‍🤝‍👨🏾	people	men holding hands: medium skin tone, medium-dark skin tone
👨🏽‍🤝‍👨🏿	people	men holding hands: medium skin tone, dark skin tone
👨🏾‍🤝‍👨🏻	people	men holding hands: medium-dark skin tone, light skin tone
👨🏾‍🤝‍👨🏼	people	men holding hands: medium-dark skin tone, medium-light skin tone
👨🏾‍🤝‍👨🏽	people	men holding hands: medium-dark skin tone, medium skin tone
👬🏾	people	men holding hands: medium-dark skin tone
👨🏾‍🤝‍👨🏿	people	men holding hands: medium-dark skin tone, dark skin tone
👨🏿‍🤝‍👨🏻	people	men holding hands: dark skin tone, light skin tone
👨🏿‍🤝‍👨🏼	people	men holding hands: dark skin tone, medium-light skin tone
👨🏿‍🤝‍👨🏽	people	men holding hands: dark skin tone, medium skin tone
👨🏿‍🤝‍👨🏾	people	men holding hands: dark skin tone, medium-dark skin tone
👬🏿	people	men holding hands: dark skin tone
💏	people	kiss pair valentines love like dating marriage couple couplekiss female gender heart kissing male man men neutral romance woman women
💏🏻	people	kiss: light skin tone
💏🏼	people	kiss: medium-light skin tone
💏🏽	people	kiss: medium skin tone
💏🏾	people	kiss: medium-dark skin tone
💏🏿	people	kiss: dark skin tone
🧑🏻‍❤️‍💋‍🧑🏼	people	kiss: person, person, light skin tone, medium-light skin tone
🧑🏻‍❤️‍💋‍🧑🏽	people	kiss: person, person, light skin tone, medium skin tone
🧑🏻‍❤️‍💋‍🧑🏾	people	kiss: person, person, light skin tone, medium-dark skin tone
🧑🏻‍❤️‍💋‍🧑🏿	people	kiss: person, person, light skin tone, dark skin tone
🧑🏼‍❤️‍💋‍🧑🏻	people	kiss: person, person, medium-light skin tone, light skin tone
🧑🏼‍❤️‍💋‍🧑🏽	people	kiss: person, person, medium-light skin tone, medium skin tone
🧑🏼‍❤️‍💋‍🧑🏾	people	kiss: person, person, medium-light skin tone, medium-dark skin tone
🧑🏼‍❤️‍💋‍🧑🏿	people	kiss: person, person, medium-light skin tone, dark skin tone
🧑🏽‍❤️‍💋‍🧑🏻	people	kiss: person, person, medium skin tone, light skin tone
🧑🏽‍❤️‍💋‍🧑🏼	people	kiss: person, person, medium skin tone, medium-light skin tone
🧑🏽‍❤️‍💋‍🧑🏾	people	kiss: person, person, medium skin tone, medium-dark skin tone
🧑🏽‍❤️‍💋‍🧑🏿	people	kiss: person, person, medium skin tone, dark skin tone
🧑🏾‍❤️‍💋‍🧑🏻	people	kiss: person, person, medium-dark skin tone, light skin tone
🧑🏾‍❤️‍💋‍🧑🏼	people	kiss: person, person, medium-dark skin tone, medium-light skin tone
🧑🏾‍❤️‍💋‍🧑🏽	people	kiss: person, person, medium-dark skin tone, medium skin tone
🧑🏾‍❤️‍💋‍🧑🏿	people	kiss: person, person, medium-dark skin tone, dark skin tone
🧑🏿‍❤️‍💋‍🧑🏻	people	kiss: person, person, dark skin tone, light skin tone
🧑🏿‍❤️‍💋‍🧑🏼	people	kiss: person, person, dark skin tone, medium-light skin tone
🧑🏿‍❤️‍💋‍🧑🏽	people	kiss: person, person, dark skin tone, medium skin tone
🧑🏿‍❤️‍💋‍🧑🏾	people	kiss: person, person, dark skin tone, medium-dark skin tone
👩‍❤️‍💋‍👨	people	kiss: woman, man kiss woman man love couple couplekiss female heart kissing male men romance women
👩🏻‍❤️‍💋‍👨🏻	people	kiss: woman, man, light skin tone
👩🏻‍❤️‍💋‍👨🏼	people	kiss: woman, man, light skin tone, medium-light skin tone
👩🏻‍❤️‍💋‍👨🏽	people	kiss: woman, man, light skin tone, medium skin tone
👩🏻‍❤️‍💋‍👨🏾	people	kiss: woman, man, light skin tone, medium-dark skin tone
👩🏻‍❤️‍💋‍👨🏿	people	kiss: woman, man, light skin tone, dark skin tone
👩🏼‍❤️‍💋‍👨🏻	people	kiss: woman, man, medium-light skin tone, light skin tone
👩🏼‍❤️‍💋‍👨🏼	people	kiss: woman, man, medium-light skin tone
👩🏼‍❤️‍💋‍👨🏽	people	kiss: woman, man, medium-light skin tone, medium skin tone
👩🏼‍❤️‍💋‍👨🏾	people	kiss: woman, man, medium-light skin tone, medium-dark skin tone
👩🏼‍❤️‍💋‍👨🏿	people	kiss: woman, man, medium-light skin tone, dark skin tone
👩🏽‍❤️‍💋‍👨🏻	people	kiss: woman, man, medium skin tone, light skin tone
👩🏽‍❤️‍💋‍👨🏼	people	kiss: woman, man, medium skin tone, medium-light skin tone
👩🏽‍❤️‍💋‍👨🏽	people	kiss: woman, man, medium skin tone
👩🏽‍❤️‍💋‍👨🏾	people	kiss: woman, man, medium skin tone, medium-dark skin tone
👩🏽‍❤️‍💋‍👨🏿	people	kiss: woman, man, medium skin tone, dark skin tone
👩🏾‍❤️‍💋‍👨🏻	people	kiss: woman, man, medium-dark skin tone, light skin tone
👩🏾‍❤️‍💋‍👨🏼	people	kiss: woman, man, medium-dark skin tone, medium-light skin tone
👩🏾‍❤️‍💋‍👨🏽	people	kiss: woman, man, medium-dark skin tone, medium skin tone
👩🏾‍❤️‍💋‍👨🏾	people	kiss: woman, man, medium-dark skin tone
👩🏾‍❤️‍💋‍👨🏿	people	kiss: woman, man, medium-dark skin tone, dark skin tone
👩🏿‍❤️‍💋‍👨🏻	people	kiss: woman, man, dark skin tone, light skin tone
👩🏿‍❤️‍💋‍👨🏼	people	kiss: woman, man, dark skin tone, medium-light skin tone
👩🏿‍❤️‍💋‍👨🏽	people	kiss: woman, man, dark skin tone, medium skin tone
👩🏿‍❤️‍💋‍👨🏾	people	kiss: woman, man, dark skin tone, medium-dark skin tone
👩🏿‍❤️‍💋‍👨🏿	people	kiss: woman, man, dark skin tone
👨‍❤️‍💋‍👨	people	kiss: man, man kiss man man pair valentines love like dating marriage couple couplekiss gay heart kissing lgbt male men pride romance two
👨🏻‍❤️‍💋‍👨🏻	people	kiss: man, man, light skin tone
👨🏻‍❤️‍💋‍👨🏼	people	kiss: man, man, light skin tone, medium-light skin tone
👨🏻‍❤️‍💋‍👨🏽	people	kiss: man, man, light skin tone, medium skin tone
👨🏻‍❤️‍💋‍👨🏾	people	kiss: man, man, light skin tone, medium-dark skin tone
👨🏻‍❤️‍💋‍👨🏿	people	kiss: man, man, light skin tone, dark skin tone
👨🏼‍❤️‍💋‍👨🏻	people	kiss: man, man, medium-light skin tone, light skin tone
👨🏼‍❤️‍💋‍👨🏼	people	kiss: man, man, medium-light skin tone
👨🏼‍❤️‍💋‍👨🏽	people	kiss: man, man, medium-light skin tone, medium skin tone
👨🏼‍❤️‍💋‍👨🏾	people	kiss: man, man, medium-light skin tone, medium-dark skin tone
👨🏼‍❤️‍💋‍👨🏿	people	kiss: man, man, medium-light skin tone, dark skin tone
👨🏽‍❤️‍💋‍👨🏻	people	kiss: man, man, medium skin tone, light skin tone
👨🏽‍❤️‍💋‍👨🏼	people	kiss: man, man, medium skin tone, medium-light skin tone
👨🏽‍❤️‍💋‍👨🏽	people	kiss: man, man, medium skin tone
👨🏽‍❤️‍💋‍👨🏾	people	kiss: man, man, medium skin tone, medium-dark skin tone
👨🏽‍❤️‍💋‍👨🏿	people	kiss: man, man, medium skin tone, dark skin tone
👨🏾‍❤️‍💋‍👨🏻	people	kiss: man, man, medium-dark skin tone, light skin tone
👨🏾‍❤️‍💋‍👨🏼	people	kiss: man, man, medium-dark skin tone, medium-light skin tone
👨🏾‍❤️‍💋‍👨🏽	people	kiss: man, man, medium-dark skin tone, medium skin tone
👨🏾‍❤️‍💋‍👨🏾	people	kiss: man, man, medium-dark skin tone
👨🏾‍❤️‍💋‍👨🏿	people	kiss: man, man, medium-dark skin tone, dark skin tone
👨🏿‍❤️‍💋‍👨🏻	people	kiss: man, man, dark skin tone, light skin tone
👨🏿‍❤️‍💋‍👨🏼	people	kiss: man, man, dark skin tone, medium-light skin tone
👨🏿‍❤️‍💋‍👨🏽	people	kiss: man, man, dark skin tone, medium skin tone
👨🏿‍❤️‍💋‍👨🏾	people	kiss: man, man, dark skin tone, medium-dark skin tone
👨🏿‍❤️‍💋‍👨🏿	people	kiss: man, man, dark skin tone
👩‍❤️‍💋‍👩	people	kiss: woman, woman kiss woman woman pair valentines love like dating marriage couple couplekiss female heart kissing lesbian lgbt pride romance two women
👩🏻‍❤️‍💋‍👩🏻	people	kiss: woman, woman, light skin tone
👩🏻‍❤️‍💋‍👩🏼	people	kiss: woman, woman, light skin tone, medium-light skin tone
👩🏻‍❤️‍💋‍👩🏽	people	kiss: woman, woman, light skin tone, medium skin tone
👩🏻‍❤️‍💋‍👩🏾	people	kiss: woman, woman, light skin tone, medium-dark skin tone
👩🏻‍❤️‍💋‍👩🏿	people	kiss: woman, woman, light skin tone, dark skin tone
👩🏼‍❤️‍💋‍👩🏻	people	kiss: woman, woman, medium-light skin tone, light skin tone
👩🏼‍❤️‍💋‍👩🏼	people	kiss: woman, woman, medium-light skin tone
👩🏼‍❤️‍💋‍👩🏽	people	kiss: woman, woman, medium-light skin tone, medium skin tone
👩🏼‍❤️‍💋‍👩🏾	people	kiss: woman, woman, medium-light skin tone, medium-dark skin tone
👩🏼‍❤️‍💋‍👩🏿	people	kiss: woman, woman, medium-light skin tone, dark skin tone
👩🏽‍❤️‍💋‍👩🏻	people	kiss: woman, woman, medium skin tone, light skin tone
👩🏽‍❤️‍💋‍👩🏼	people	kiss: woman, woman, medium skin tone, medium-light skin tone
👩🏽‍❤️‍💋‍👩🏽	people	kiss: woman, woman, medium skin tone
👩🏽‍❤️‍💋‍👩🏾	people	kiss: woman, woman, medium skin tone, medium-dark skin tone
👩🏽‍❤️‍💋‍👩🏿	people	kiss: woman, woman, medium skin tone, dark skin tone
👩🏾‍❤️‍💋‍👩🏻	people	kiss: woman, woman, medium-dark skin tone, light skin tone
👩🏾‍❤️‍💋‍👩🏼	people	kiss: woman, woman, medium-dark skin tone, medium-light skin tone
👩🏾‍❤️‍💋‍👩🏽	people	kiss: woman, woman, medium-dark skin tone, medium skin tone
👩🏾‍❤️‍💋‍👩🏾	people	kiss: woman, woman, medium-dark skin tone
👩🏾‍❤️‍💋‍👩🏿	people	kiss: woman, woman, medium-dark skin tone, dark skin tone
👩🏿‍❤️‍💋‍👩🏻	people	kiss: woman, woman, dark skin tone, light skin tone
👩🏿‍❤️‍💋‍👩🏼	people	kiss: woman, woman, dark skin tone, medium-light skin tone
👩🏿‍❤️‍💋‍👩🏽	people	kiss: woman, woman, dark skin tone, medium skin tone
👩🏿‍❤️‍💋‍👩🏾	people	kiss: woman, woman, dark skin tone, medium-dark skin tone
👩🏿‍❤️‍💋‍👩🏿	people	kiss: woman, woman, dark skin tone
💑	people	couple with heart pair love like affection human dating valentines marriage female gender loving male man men neutral romance woman women
💑🏻	people	couple with heart: light skin tone
💑🏼	people	couple with heart: medium-light skin tone
💑🏽	people	couple with heart: medium skin tone
💑🏾	people	couple with heart: medium-dark skin tone
💑🏿	people	couple with heart: dark skin tone
🧑🏻‍❤️‍🧑🏼	people	couple with heart: person, person, light skin tone, medium-light skin tone
🧑🏻‍❤️‍🧑🏽	people	couple with heart: person, person, light skin tone, medium skin tone
🧑🏻‍❤️‍🧑🏾	people	couple with heart: person, person, light skin tone, medium-dark skin tone
🧑🏻‍❤️‍🧑🏿	people	couple with heart: person, person, light skin tone, dark skin tone
🧑🏼‍❤️‍🧑🏻	people	couple with heart: person, person, medium-light skin tone, light skin tone
🧑🏼‍❤️‍🧑🏽	people	couple with heart: person, person, medium-light skin tone, medium skin tone
🧑🏼‍❤️‍🧑🏾	people	couple with heart: person, person, medium-light skin tone, medium-dark skin tone
🧑🏼‍❤️‍🧑🏿	people	couple with heart: person, person, medium-light skin tone, dark skin tone
🧑🏽‍❤️‍🧑🏻	people	couple with heart: person, person, medium skin tone, light skin tone
🧑🏽‍❤️‍🧑🏼	people	couple with heart: person, person, medium skin tone, medium-light skin tone
🧑🏽‍❤️‍🧑🏾	people	couple with heart: person, person, medium skin tone, medium-dark skin tone
🧑🏽‍❤️‍🧑🏿	people	couple with heart: person, person, medium skin tone, dark skin tone
🧑🏾‍❤️‍🧑🏻	people	couple with heart: person, person, medium-dark skin tone, light skin tone
🧑🏾‍❤️‍🧑🏼	people	couple with heart: person, person, medium-dark skin tone, medium-light skin tone
🧑🏾‍❤️‍🧑🏽	people	couple with heart: person, person, medium-dark skin tone, medium skin tone
🧑🏾‍❤️‍🧑🏿	people	couple with heart: person, person, medium-dark skin tone, dark skin tone
🧑🏿‍❤️‍🧑🏻	people	couple with heart: person, person, dark skin tone, light skin tone
🧑🏿‍❤️‍🧑🏼	people	couple with heart: person, person, dark skin tone, medium-light skin tone
🧑🏿‍❤️‍🧑🏽	people	couple with heart: person, person, dark skin tone, medium skin tone
🧑🏿‍❤️‍🧑🏾	people	couple with heart: person, person, dark skin tone, medium-dark skin tone
👩‍❤️‍👨	people	couple with heart: woman, man couple with heart woman man love female male men romance women
👩🏻‍❤️‍👨🏻	people	couple with heart: woman, man, light skin tone
👩🏻‍❤️‍👨🏼	people	couple with heart: woman, man, light skin tone, medium-light skin tone
👩🏻‍❤️‍👨🏽	people	couple with heart: woman, man, light skin tone, medium skin tone
👩🏻‍❤️‍👨🏾	people	couple with heart: woman, man, light skin tone, medium-dark skin tone
👩🏻‍❤️‍👨🏿	people	couple with heart: woman, man, light skin tone, dark skin tone
👩🏼‍❤️‍👨🏻	people	couple with heart: woman, man, medium-light skin tone, light skin tone
👩🏼‍❤️‍👨🏼	people	couple with heart: woman, man, medium-light skin tone
👩🏼‍❤️‍👨🏽	people	couple with heart: woman, man, medium-light skin tone, medium skin tone
👩🏼‍❤️‍👨🏾	people	couple with heart: woman, man, medium-light skin tone, medium-dark skin tone
👩🏼‍❤️‍👨🏿	people	couple with heart: woman, man, medium-light skin tone, dark skin tone
👩🏽‍❤️‍👨🏻	people	couple with heart: woman, man, medium skin tone, light skin tone
👩🏽‍❤️‍👨🏼	people	couple with heart: woman, man, medium skin tone, medium-light skin tone
👩🏽‍❤️‍👨🏽	people	couple with heart: woman, man, medium skin tone
👩🏽‍❤️‍👨🏾	people	couple with heart: woman, man, medium skin tone, medium-dark skin tone
👩🏽‍❤️‍👨🏿	people	couple with heart: woman, man, medium skin tone, dark skin tone
👩🏾‍❤️‍👨🏻	people	couple with heart: woman, man, medium-dark skin tone, light skin tone
👩🏾‍❤️‍👨🏼	people	couple with heart: woman, man, medium-dark skin tone, medium-light skin tone
👩🏾‍❤️‍👨🏽	people	couple with heart: woman, man, medium-dark skin tone, medium skin tone
👩🏾‍❤️‍👨🏾	people	couple with heart: woman, man, medium-dark skin tone
👩🏾‍❤️‍👨🏿	people	couple with heart: woman, man, medium-dark skin tone, dark skin tone
👩🏿‍❤️‍👨🏻	people	couple with heart: woman, man, dark skin tone, light skin tone
👩🏿‍❤️‍👨🏼	people	couple with heart: woman, man, dark skin tone, medium-light skin tone
👩🏿‍❤️‍👨🏽	people	couple with heart: woman, man, dark skin tone, medium skin tone
👩🏿‍❤️‍👨🏾	people	couple with heart: woman, man, dark skin tone, medium-dark skin tone
👩🏿‍❤️‍👨🏿	people	couple with heart: woman, man, dark skin tone
👨‍❤️‍👨	people	couple with heart: man, man couple with heart man man pair love like affection human dating valentines marriage gay lgbt male men pride romance two
👨🏻‍❤️‍👨🏻	people	couple with heart: man, man, light skin tone
👨🏻‍❤️‍👨🏼	people	couple with heart: man, man, light skin tone, medium-light skin tone
👨🏻‍❤️‍👨🏽	people	couple with heart: man, man, light skin tone, medium skin tone
👨🏻‍❤️‍👨🏾	people	couple with heart: man, man, light skin tone, medium-dark skin tone
👨🏻‍❤️‍👨🏿	people	couple with heart: man, man, light skin tone, dark skin tone
👨🏼‍❤️‍👨🏻	people	couple with heart: man, man, medium-light skin tone, light skin tone
👨🏼‍❤️‍👨🏼	people	couple with heart: man, man, medium-light skin tone
👨🏼‍❤️‍👨🏽	people	couple with heart: man, man, medium-light skin tone, medium skin tone
👨🏼‍❤️‍👨🏾	people	couple with heart: man, man, medium-light skin tone, medium-dark skin tone
👨🏼‍❤️‍👨🏿	people	couple with heart: man, man, medium-light skin tone, dark skin tone
👨🏽‍❤️‍👨🏻	people	couple with heart: man, man, medium skin tone, light skin tone
👨🏽‍❤️‍👨🏼	people	couple with heart: man, man, medium skin tone, medium-light skin tone
👨🏽‍❤️‍👨🏽	people	couple with heart: man, man, medium skin tone
👨🏽‍❤️‍👨🏾	people	couple with heart: man, man, medium skin tone, medium-dark skin tone
👨🏽‍❤️‍👨🏿	people	couple with heart: man, man, medium skin tone, dark skin tone
👨🏾‍❤️‍👨🏻	people	couple with heart: man, man, medium-dark skin tone, light skin tone
👨🏾‍❤️‍👨🏼	people	couple with heart: man, man, medium-dark skin tone, medium-light skin tone
👨🏾‍❤️‍👨🏽	people	couple with heart: man, man, medium-dark skin tone, medium skin tone
👨🏾‍❤️‍👨🏾	people	couple with heart: man, man, medium-dark skin tone
👨🏾‍❤️‍👨🏿	people	couple with heart: man, man, medium-dark skin tone, dark skin tone
👨🏿‍❤️‍👨🏻	people	couple with heart: man, man, dark skin tone, light skin tone
👨🏿‍❤️‍👨🏼	people	couple with heart: man, man, dark skin tone, medium-light skin tone
👨🏿‍❤️‍👨🏽	people	couple with heart: man, man, dark skin tone, medium skin tone
👨🏿‍❤️‍👨🏾	people	couple with heart: man, man, dark skin tone, medium-dark skin tone
👨🏿‍❤️‍👨🏿	people	couple with heart: man, man, dark skin tone
👩‍❤️‍👩	people	couple with heart: woman, woman couple with heart woman woman pair love like affection human dating valentines marriage female lesbian lgbt pride romance two women
👩🏻‍❤️‍👩🏻	people	couple with heart: woman, woman, light skin tone
👩🏻‍❤️‍👩🏼	people	couple with heart: woman, woman, light skin tone, medium-light skin tone
👩🏻‍❤️‍👩🏽	people	couple with heart: woman, woman, light skin tone, medium skin tone
👩🏻‍❤️‍👩🏾	people	couple with heart: woman, woman, light skin tone, medium-dark skin tone
👩🏻‍❤️‍👩🏿	people	couple with heart: woman, woman, light skin tone, dark skin tone
👩🏼‍❤️‍👩🏻	people	couple with heart: woman, woman, medium-light skin tone, light skin tone
👩🏼‍❤️‍👩🏼	people	couple with heart: woman, woman, medium-light skin tone
👩🏼‍❤️‍👩🏽	people	couple with heart: woman, woman, medium-light skin tone, medium skin tone
👩🏼‍❤️‍👩🏾	people	couple with heart: woman, woman, medium-light skin tone, medium-dark skin tone
👩🏼‍❤️‍👩🏿	people	couple with heart: woman, woman, medium-light skin tone, dark skin tone
👩🏽‍❤️‍👩🏻	people	couple with heart: woman, woman, medium skin tone, light skin tone
👩🏽‍❤️‍👩🏼	people	couple with heart: woman, woman, medium skin tone, medium-light skin tone
👩🏽‍❤️‍👩🏽	people	couple with heart: woman, woman, medium skin tone
👩🏽‍❤️‍👩🏾	people	couple with heart: woman, woman, medium skin tone, medium-dark skin tone
👩🏽‍❤️‍👩🏿	people	couple with heart: woman, woman, medium skin tone, dark skin tone
👩🏾‍❤️‍👩🏻	people	couple with heart: woman, woman, medium-dark skin tone, light skin tone
👩🏾‍❤️‍👩🏼	people	couple with heart: woman, woman, medium-dark skin tone, medium-light skin tone
👩🏾‍❤️‍👩🏽	people	couple with heart: woman, woman, medium-dark skin tone, medium skin tone
👩🏾‍❤️‍👩🏾	people	couple with heart: woman, woman, medium-dark skin tone
👩🏾‍❤️‍👩🏿	people	couple with heart: woman, woman, medium-dark skin tone, dark skin tone
👩🏿‍❤️‍👩🏻	people	couple with heart: woman, woman, dark skin tone, light skin tone
👩🏿‍❤️‍👩🏼	people	couple with heart: woman, woman, dark skin tone, medium-light skin tone
👩🏿‍❤️‍👩🏽	people	couple with heart: woman, woman, dark skin tone, medium skin tone
👩🏿‍❤️‍👩🏾	people	couple with heart: woman, woman, dark skin tone, medium-dark skin tone
👩🏿‍❤️‍👩🏿	people	couple with heart: woman, woman, dark skin tone
👨‍👩‍👦	people	family: man, woman, boy family man woman boy love father mother son
👨‍👩‍👧	people	family: man, woman, girl family man woman girl home parents people human child daughter father female male men mother women
👨‍👩‍👧‍👦	people	family: man, woman, girl, boy family man woman girl boy home parents people human children child daughter father female male men mother son women
👨‍👩‍👦‍👦	people	family: man, woman, boy, boy family man woman boy boy home parents people human children child father female male men mother sons two women
👨‍👩‍👧‍👧	people	family: man, woman, girl, girl family man woman girl girl home parents people human children child daughters father female male men mother two women
👨‍👨‍👦	people	family: man, man, boy family man man boy home parents people human children child father fathers gay lgbt male men pride son two
👨‍👨‍👧	people	family: man, man, girl family man man girl home parents people human children child daughter father fathers gay lgbt male men pride two
👨‍👨‍👧‍👦	people	family: man, man, girl, boy family man man girl boy home parents people human children child daughter father fathers gay lgbt male men pride son two
👨‍👨‍👦‍👦	people	family: man, man, boy, boy family man man boy boy home parents people human children child father fathers gay lgbt male men pride sons two
👨‍👨‍👧‍👧	people	family: man, man, girl, girl family man man girl girl home parents people human children child daughters father fathers gay lgbt male men pride two
👩‍👩‍👦	people	family: woman, woman, boy family woman woman boy home parents people human children child female lesbian lgbt mother mothers pride son two women
👩‍👩‍👧	people	family: woman, woman, girl family woman woman girl home parents people human children child daughter female lesbian lgbt mother mothers pride two women
👩‍👩‍👧‍👦	people	family: woman, woman, girl, boy family woman woman girl boy home parents people human children child daughter female lesbian lgbt mother mothers pride son two women
👩‍👩‍👦‍👦	people	family: woman, woman, boy, boy family woman woman boy boy home parents people human children child female lesbian lgbt mother mothers pride sons two women
👩‍👩‍👧‍👧	people	family: woman, woman, girl, girl family woman woman girl girl home parents people human children child daughters female lesbian lgbt mother mothers pride two women
👨‍👦	people	family: man, boy family man boy home parent people human child father male men son
👨‍👦‍👦	people	family: man, boy, boy family man boy boy home parent people human children child father male men sons two
👨‍👧	people	family: man, girl family man girl home parent people human child daughter father female male
👨‍👧‍👦	people	family: man, girl, boy family man girl boy home parent people human children child daughter father male men son
👨‍👧‍👧	people	family: man, girl, girl family man girl girl home parent people human children child daughters father female male two
👩‍👦	people	family: woman, boy family woman boy home parent people human child female mother son women
👩‍👦‍👦	people	family: woman, boy, boy family woman boy boy home parent people human children child female mother sons two women
👩‍👧	people	family: woman, girl family woman girl home parent people human child daughter female mother women
👩‍👧‍👦	people	family: woman, girl, boy family woman girl boy home parent people human children child daughter female male mother son
👩‍👧‍👧	people	family: woman, girl, girl family woman girl girl home parent people human children child daughters female mother two women
🗣️	people	speaking head user person human sing say talk face mansplaining shout shouting silhouette speak
👤	people	bust in silhouette user person human shadow
👥	people	busts in silhouette user person human group team bust people shadows silhouettes two users contributors
🫂	people	people hugging care goodbye hello hug thanks
👪	people	family home parents child mom dad father mother people human boy female male man men woman women
🧑‍🧑‍🧒	people	family: adult, adult, child family adult, adult, child kid parents
🧑‍🧑‍🧒‍🧒	people	family: adult, adult, child, child family adult, adult, child, child children parents
🧑‍🧒	people	family: adult, child family adult, child parent kid
🧑‍🧒‍🧒	people	family: adult, child, child family adult, child, child parent children
👣	people	footprints feet tracking walking beach body clothing footprint footsteps print tracks
🫆	people	fingerprint
🐵	animals	monkey face animal nature circus head
🐒	animals	monkey animal nature banana circus cheeky
🦍	animals	gorilla animal nature circus
🦧	animals	orangutan animal ape
🐶	animals	dog face animal friend nature woof puppy pet faithful
🐕	animals	dog animal nature friend doge pet faithful dog2 doggo
🦮	animals	guide dog animal blind accessibility eye seeing
🐕‍🦺	animals	service dog blind animal accessibility assistance
🐩	animals	poodle dog animal 101 nature pet miniature standard toy
🐺	animals	wolf animal nature wild face
🦊	animals	fox animal nature face
🦝	animals	raccoon animal nature curious face sly
🐱	animals	cat face animal meow nature pet kitten kitty
🐈	animals	cat animal meow pet cats cat2 domestic feline housecat
🐈‍⬛	animals	black cat superstition luck halloween pet unlucky
🦁	animals	lion animal nature face leo zodiac
🐯	animals	tiger face animal cat danger wild nature roar cute
🐅	animals	tiger animal nature roar bengal tiger2
🐆	animals	leopard animal nature african jaguar
🐴	animals	horse face animal brown nature head
🫎	animals	moose canada sweden sven cool
🫏	animals	donkey eeyore mule
🐎	animals	horse animal gamble luck equestrian galloping racehorse racing speed
🦄	animals	unicorn animal nature mystical face
🦓	animals	zebra animal nature stripes safari face stripe
🦌	animals	deer animal nature horns venison buck reindeer stag
🦬	animals	bison ox buffalo herd wisent
🐮	animals	cow face beef ox animal nature moo milk happy
🐂	animals	ox animal cow beef bull bullock oxen steer taurus zodiac
🐃	animals	water buffalo animal nature ox cow domestic
🐄	animals	cow beef ox animal nature moo milk cow2 dairy
🐷	animals	pig face animal oink nature head
🐖	animals	pig animal nature hog pig2 sow
🐗	animals	boar animal nature pig warthog wild
🐽	animals	pig nose animal oink face snout
🐏	animals	ram animal sheep nature aries male zodiac
🐑	animals	ewe animal nature wool shipit female lamb sheep
🐐	animals	goat animal nature capricorn zodiac
🐪	animals	camel animal hot desert hump arabian bump dromedary one
🐫	animals	two-hump camel two hump camel animal nature hot desert hump asian bactrian bump
🦙	animals	llama animal nature alpaca guanaco vicuña wool
🦒	animals	giraffe animal nature spots safari face
🐘	animals	elephant animal nature nose th circus
🦣	animals	mammoth elephant tusks extinct extinction large tusk woolly
🦏	animals	rhinoceros animal nature horn rhino
🦛	animals	hippopotamus animal nature hippo
🐭	animals	mouse face animal nature cheese wedge rodent
🐁	animals	mouse animal nature rodent dormouse mice mouse2
🐀	animals	rat animal mouse rodent
🐹	animals	hamster animal nature face pet
🐰	animals	rabbit face animal nature pet spring magic bunny easter
🐇	animals	rabbit animal nature pet magic spring bunny rabbit2
🐿️	animals	chipmunk animal nature rodent squirrel
🦫	animals	beaver animal rodent dam
🦔	animals	hedgehog animal nature spiny face
🦇	animals	bat animal nature blind vampire batman
🐻	animals	bear animal nature wild face teddy
🐻‍❄️	animals	polar bear animal arctic face white
🐨	animals	koala animal nature bear face marsupial
🐼	animals	panda animal nature face
🦥	animals	sloth animal lazy slow
🦦	animals	otter animal fishing playful
🦨	animals	skunk animal smelly stink
🦘	animals	kangaroo animal nature australia joey hop marsupial jump roo
🦡	animals	badger animal nature honey pester
🐾	animals	paw prints animal tracking footprints dog cat pet feet kitten print puppy
🦃	animals	turkey animal bird thanksgiving wild
🐔	animals	chicken animal cluck nature bird hen
🐓	animals	rooster animal nature chicken bird cock cockerel
🐣	animals	hatching chick animal chicken egg born baby bird
🐤	animals	baby chick animal chicken bird yellow
🐥	animals	front-facing baby chick front facing baby chick animal chicken baby bird hatched standing
🐦	animals	bird animal nature fly tweet spring
🐧	animals	penguin animal nature bird
🕊️	animals	dove animal bird fly peace
🦅	animals	eagle animal nature bird bald
🦆	animals	duck animal nature bird mallard
🦢	animals	swan animal nature bird cygnet duckling ugly
🦉	animals	owl animal nature bird hoot wise
🦤	animals	dodo animal bird extinct extinction large mauritius obsolete
🪶	animals	feather bird fly flight light plumage
🦩	animals	flamingo animal flamboyant tropical
🦚	animals	peacock animal nature peahen bird ostentatious proud
🦜	animals	parrot animal nature bird pirate talk
🪽	animals	wing angel birds flying fly
🐦‍⬛	animals	black bird crow
🪿	animals	goose silly jemima goosebumps honk
🐦‍🔥	animals	phoenix immortal bird mythtical reborn
🐸	animals	frog animal nature croak toad face
🐊	animals	crocodile animal nature reptile lizard alligator croc
🐢	animals	turtle animal slow nature tortoise terrapin
🦎	animals	lizard animal nature reptile gecko
🐍	animals	snake animal evil nature hiss python bearer ophiuchus serpent zodiac
🐲	animals	dragon face animal myth nature chinese green fairy head tale
🐉	animals	dragon animal myth nature chinese green fairy tale
🦕	animals	sauropod animal nature dinosaur brachiosaurus brontosaurus diplodocus extinct
🦖	animals	t-rex t rex animal nature dinosaur tyrannosaurus extinct trex
🐳	animals	spouting whale animal nature sea ocean cute face
🐋	animals	whale animal nature sea ocean whale2
🐬	animals	dolphin animal nature fish sea ocean flipper fins beach
🫍	animals	orca ocean whale dolphin animal
🦭	animals	seal animal creature sea lion
🐟	animals	fish animal food nature freshwater pisces zodiac
🐠	animals	tropical fish animal swim ocean beach nemo blue yellow
🐡	animals	blowfish animal nature food sea ocean fish fugu pufferfish
🦈	animals	shark animal nature fish sea ocean jaws fins beach great white
🐙	animals	octopus animal creature ocean sea nature beach
🐚	animals	spiral shell nature sea beach seashell
🪸	animals	coral ocean sea reef
🪼	animals	jellyfish sting tentacles
🦀	animals	crab animal crustacean cancer zodiac
🦞	animals	lobster animal nature bisque claws seafood
🦐	animals	shrimp animal ocean nature seafood food prawn shellfish small
🦑	animals	squid animal nature ocean sea food molusc
🦪	animals	oyster food diving pearl
🐌	animals	snail slow animal shell garden slug
🦋	animals	butterfly animal insect nature caterpillar pretty
🐛	animals	bug animal insect nature worm caterpillar
🐜	animals	ant animal insect nature bug
🐝	animals	honeybee animal insect nature bug spring honey bee bumblebee
🪲	animals	beetle insect bug
🐞	animals	lady beetle animal insect nature ladybug bug ladybird
🦗	animals	cricket animal chirp grasshopper insect orthoptera
🪳	animals	cockroach insect pests pest roach
🕷️	animals	spider animal arachnid insect
🕸️	animals	spider web animal insect arachnid silk cobweb spiderweb
🦂	animals	scorpion animal arachnid scorpio scorpius zodiac
🦟	animals	mosquito animal nature insect malaria disease fever pest virus
🪰	animals	fly insect disease maggot pest rotting
🪱	animals	worm animal annelid earthworm parasite
🦠	animals	microbe amoeba bacteria germs virus covid cell coronavirus germ microorganism
💐	animals	bouquet flowers nature spring flower plant romance
🌸	animals	cherry blossom nature plant spring flower pink sakura
💮	animals	white flower japanese spring blossom cherry doily done paper stamp well
🪷	animals	lotus flower calm meditation buddhism hinduism india purity vietnam
🏵️	animals	rosette flower decoration military plant
🌹	animals	rose flowers valentines love spring flower plant red
🥀	animals	wilted flower plant nature flower rose dead drooping
🌺	animals	hibiscus plant vegetable flowers beach flower
🌻	animals	sunflower nature plant fall flower sun yellow
🌼	animals	blossom nature flowers yellow blossoming flower daisy flower plant
🌷	animals	tulip flowers plant nature summer spring flower
🪻	animals	hyacinth flower lavender
🌱	animals	seedling plant nature grass lawn spring sprout sprouting young seed
🪴	animals	potted plant greenery house boring grow houseplant nurturing useless
🌲	animals	evergreen tree plant nature fir pine wood
🌳	animals	deciduous tree plant nature rounded shedding wood
🌴	animals	palm tree plant vegetable nature summer beach mojito tropical coconut
🌵	animals	cactus vegetable plant nature desert
🌾	animals	sheaf of rice nature plant crop ear farming grain wheat
🌿	animals	herb vegetable plant medicine weed grass lawn crop leaf
☘️	animals	shamrock vegetable plant nature irish clover trefoil
🍀	animals	four leaf clover vegetable plant nature lucky irish ireland luck
🍁	animals	maple leaf nature plant vegetable ca fall canada canadian falling
🍂	animals	fallen leaf nature plant vegetable leaves autumn brown fall falling
🍃	animals	leaf fluttering in wind nature plant tree vegetable grass lawn spring blow flutter green leaves
🪹	animals	empty nest bird nesting
🪺	animals	nest with eggs bird nesting
🍄	animals	mushroom plant vegetable fungus shroom toadstool
🪾	animals	leafless tree
🍇	food	grapes fruit food wine grape plant
🍈	food	melon fruit nature food cantaloupe honeydew muskmelon plant
🍉	food	watermelon fruit food picnic summer plant
🍊	food	tangerine food fruit nature orange mandarin plant
🍋	food	lemon fruit nature citrus lemonade plant
🍋‍🟩	food	lime fruit acidic citric
🍌	food	banana fruit food monkey plant plantain
🍍	food	pineapple fruit nature food plant
🥭	food	mango fruit food tropical
🍎	food	red apple fruit mac school delicious plant
🍏	food	green apple fruit nature delicious golden granny plant smith
🍐	food	pear fruit nature food plant
🍑	food	peach fruit nature food bottom butt plant
🍒	food	cherries food fruit berries cherry plant red wild
🍓	food	strawberry fruit food nature berry plant
🫐	food	blueberries fruit berry bilberry blue blueberry
🥝	food	kiwi fruit fruit food chinese gooseberry kiwifruit
🍅	food	tomato fruit vegetable nature food plant
🫒	food	olive fruit food olives
🥥	food	coconut fruit nature food palm cocoanut colada piña
🥑	food	avocado fruit food
🍆	food	eggplant vegetable nature food aubergine phallic plant purple
🥔	food	potato food tuber vegatable starch baked idaho vegetable
🥕	food	carrot vegetable food orange
🌽	food	ear of corn food vegetable plant cob maize maze
🌶️	food	hot pepper food spicy chilli chili plant
🫑	food	bell pepper fruit plant capsicum vegetable
🥒	food	cucumber fruit food pickle gherkin vegetable
🥬	food	leafy green food vegetable plant bok choy cabbage kale lettuce chinese cos greens romaine
🥦	food	broccoli fruit food vegetable cabbage wild
🧄	food	garlic food spice cook flavoring plant vegetable
🧅	food	onion cook food spice flavoring plant vegetable
🥜	food	peanuts food nut nuts peanut vegetable
🫘	food	beans food kidney legume
🌰	food	chestnut food squirrel acorn nut plant
🫚	food	ginger root spice yellow cooking gingerbread
🫛	food	pea pod cozy green
🍄‍🟫	food	brown mushroom toadstool fungus
🫜	food	root vegetable radish
🍞	food	bread food wheat breakfast toast loaf
🥐	food	croissant food bread french breakfast crescent roll
🥖	food	baguette bread food bread french france bakery
🫓	food	flatbread flour food bakery arepa bread flat lavash naan pita
🥨	food	pretzel food bread twisted germany bakery soft twist
🥯	food	bagel food bread bakery schmear jewish bakery breakfast cheese cream
🥞	food	pancakes food breakfast flapjacks hotcakes brunch crêpe crêpes hotcake pancake
🧇	food	waffle food breakfast brunch indecisive iron
🧀	food	cheese wedge food chadder swiss
🍖	food	meat on bone good food drumstick barbecue bbq manga
🍗	food	poultry leg food meat drumstick bird chicken turkey bone
🥩	food	cut of meat food cow meat cut chop lambchop porkchop steak
🥓	food	bacon food breakfast pork pig meat brunch rashers
🍔	food	hamburger meat fast food beef cheeseburger mcdonalds burger king
🍟	food	french fries chips snack fast food potato mcdonald's
🍕	food	pizza food party italy cheese pepperoni slice
🌭	food	hot dog food frankfurter america hotdog redhot sausage wiener
🥪	food	sandwich food lunch bread toast bakery cheese deli meat vegetables
🌮	food	taco food mexican
🌯	food	burrito food mexican wrap
🫔	food	tamale food masa mexican tamal wrapped
🥙	food	stuffed flatbread food flatbread stuffed gyro mediterranean doner falafel kebab pita sandwich shawarma
🧆	food	falafel food mediterranean chickpea falfel meatball
🥚	food	egg food chicken breakfast easter egg
🍳	food	cooking food breakfast kitchen egg skillet fried frying pan
🥘	food	shallow pan of food food cooking casserole paella skillet curry
🍲	food	pot of food food meat soup hot pot bowl stew
🫕	food	fondue cheese pot food chocolate melted swiss
🥣	food	bowl with spoon food breakfast cereal oatmeal porridge congee tableware
🥗	food	green salad food healthy lettuce vegetable
🍿	food	popcorn food movie theater films snack drama corn popping
🧈	food	butter food cook dairy
🧂	food	salt condiment shaker
🥫	food	canned food food soup tomatoes can preserve tin tinned
🍱	food	bento box food japanese box lunch assets
🍘	food	rice cracker food japanese snack senbei
🍙	food	rice ball food japanese onigiri omusubi
🍚	food	cooked rice food asian boiled bowl steamed
🍛	food	curry rice food spicy hot indian
🍜	food	steaming bowl food japanese noodle chopsticks ramen noodles soup
🍝	food	spaghetti food italian pasta noodle
🍠	food	roasted sweet potato food nature plant goguma yam
🍢	food	oden skewer food japanese kebab seafood stick
🍣	food	sushi food fish japanese rice sashimi seafood
🍤	food	fried shrimp food animal appetizer summer prawn tempura
🍥	food	fish cake with swirl food japan sea beach narutomaki pink swirl kamaboko surimi ramen design fishcake pastry
🥮	food	moon cake food autumn dessert festival mooncake yuèbǐng
🍡	food	dango food dessert sweet japanese barbecue meat balls green pink skewer stick white
🥟	food	dumpling food empanada pierogi potsticker gyoza gyōza jiaozi
🥠	food	fortune cookie food prophecy dessert
🥡	food	takeout box food leftovers chinese container out oyster pail take
🍦	food	soft ice cream food hot dessert summer icecream mr. serve sweet whippy
🍧	food	shaved ice hot dessert summer cone snow sweet
🍨	food	ice cream food hot dessert bowl sweet
🍩	food	doughnut food dessert snack sweet donut breakfast
🍪	food	cookie food snack oreo chocolate sweet dessert biscuit chip
🎂	food	birthday cake food dessert cake candles celebration party pastry sweet
🍰	food	shortcake food dessert cake pastry piece slice strawberry sweet
🧁	food	cupcake food dessert bakery sweet cake fairy pastry
🥧	food	pie food dessert pastry filling sweet
🍫	food	chocolate bar food snack dessert sweet candy
🍬	food	candy snack dessert sweet lolly
🍭	food	lollipop food snack candy sweet dessert lollypop sucker
🍮	food	custard dessert food pudding flan caramel creme sweet
🍯	food	honey pot bees sweet kitchen honeypot
🍼	food	baby bottle food container milk drink feeding
🥛	food	glass of milk beverage drink cow
☕	food	hot beverage beverage caffeine latte espresso coffee mug cafe chocolate drink steaming tea
🫖	food	teapot drink hot kettle pot tea
🍵	food	teacup without handle drink bowl breakfast green british beverage cup matcha tea
🍶	food	sake wine drink drunk beverage japanese alcohol booze bar bottle cup rice
🍾	food	bottle with popping cork drink wine bottle celebration bar bubbly champagne party sparkling
🍷	food	wine glass drink beverage drunk alcohol booze bar red
🍸	food	cocktail glass drink drunk alcohol beverage booze mojito bar martini
🍹	food	tropical drink beverage cocktail summer beach alcohol booze mojito bar fruit punch tiki vacation
🍺	food	beer mug relax beverage drink drunk party pub summer alcohol booze bar stein
🍻	food	clinking beer mugs relax beverage drink drunk party pub summer alcohol booze bar beers cheers clink drinks mug
🥂	food	clinking glasses beverage drink party alcohol celebrate cheers wine champagne toast celebration clink glass
🥃	food	tumbler glass drink beverage drunk alcohol liquor booze bourbon scotch whisky glass shot rum whiskey
🫗	food	pouring liquid cup water drink empty glass spill
🥤	food	cup with straw drink soda go juice malt milkshake pop smoothie soft tableware water
🧋	food	bubble tea taiwan boba milk tea straw momi pearl tapioca
🧃	food	beverage box drink juice straw sweet
🧉	food	mate drink tea beverage bombilla chimarrão cimarrón maté yerba
🧊	food	ice water cold cube iceberg
🥢	food	chopsticks food hashi jeotgarak kuaizi
🍽️	food	fork and knife with plate food eat meal lunch dinner restaurant cooking cutlery dining tableware
🍴	food	fork and knife cutlery kitchen cooking silverware tableware
🥄	food	spoon cutlery kitchen tableware
🔪	food	kitchen knife knife blade cutlery kitchen weapon butchers chop cooking cut hocho tool
🫙	food	jar container sauce condiment empty store
🏺	food	amphora vase jar aquarius cooking drink jug tool zodiac
🌍	travel	globe showing europe-africa globe showing europe africa globe world earth international planet
🌎	travel	globe showing americas globe world usa earth international planet
🌏	travel	globe showing asia-australia globe showing asia australia globe world east earth international planet
🌐	travel	globe with meridians earth international world internet interweb i18n global web wide www internationalization localization
🗺️	travel	world map location direction travel
🗾	travel	map of japan nation country japanese asia silhouette
🧭	travel	compass magnetic navigation orienteering
🏔️	travel	snow-capped mountain snow capped mountain photo nature environment winter cold
⛰️	travel	mountain photo nature environment
🛘	travel	landslide disaster accident
🌋	travel	volcano photo nature disaster eruption mountain weather
🗻	travel	mount fuji photo mountain nature japanese capped san snow
🏕️	travel	camping photo outdoors tent campsite
🏖️	travel	beach with umbrella weather summer sunny sand mojito
🏜️	travel	desert photo warm saharah
🏝️	travel	desert island photo tropical mojito
🏞️	travel	national park photo environment nature
🏟️	travel	stadium photo place sports concert venue grandstand sport
🏛️	travel	classical building art culture history
🏗️	travel	building construction wip working progress crane architectural
🧱	travel	brick bricks clay construction mortar wall infrastructure
🪨	travel	rock stone boulder construction heavy solid
🪵	travel	wood nature timber trunk construction log lumber
🛖	travel	hut house structure roundhouse yurt
🏘️	travel	houses buildings photo building group house
🏚️	travel	derelict house abandon evict broken building abandoned haunted old
🏠	travel	house building home
🏡	travel	house with garden home plant nature building tree
🏢	travel	office building building bureau work city high rise
🏣	travel	japanese post office building envelope communication japan mark postal
🏤	travel	post office building email european
🏥	travel	hospital building health surgery doctor cross emergency medical medicine red room
🏦	travel	bank building money sales cash business enterprise bakkureru bk branch
🏨	travel	hotel building accomodation checkin accommodation h
🏩	travel	love hotel like affection dating building heart hospital
🏪	travel	convenience store building shopping groceries corner e eleven® hour kwik mart shop
🏫	travel	school building student education learn teach clock elementary high middle tower
🏬	travel	department store building shopping mall center shops
🏭	travel	factory building industry pollution smoke industrial smog
🏯	travel	japanese castle photo building fortress
🏰	travel	castle building royalty history european turrets
💒	travel	wedding love like affection couple marriage bride groom activity chapel church heart romance
🗼	travel	tokyo tower photo japanese eiffel red
🗽	travel	statue of liberty american newyork new york
⛪	travel	church building religion christ christian cross
🕌	travel	mosque islam worship minaret domed muslim religion roof
🛕	travel	hindu temple religion
🕍	travel	synagogue judaism worship temple jewish jew religion synagog
⛩️	travel	shinto shrine temple japan kyoto kami michi no religion
🕋	travel	kaaba mecca mosque islam muslim religion
⛲	travel	fountain photo summer water fresh feature park
⛺	travel	tent photo camping outdoors
🌁	travel	foggy photo mountain bridge city fog fog bridge karl under weather
🌃	travel	night with stars evening city downtown star starry weather
🏙️	travel	cityscape photo night life urban building city skyline
🌄	travel	sunrise over mountains view vacation photo morning mountain sun weather
🌅	travel	sunrise morning view vacation photo sun sunset weather
🌆	travel	cityscape at dusk photo evening sky buildings building city landscape orange sun sunset weather
🌇	travel	sunset photo good morning dawn building buildings city dusk over sun sunrise weather
🌉	travel	bridge at night photo sanfrancisco gate golden weather
♨️	travel	hot springs bath warm relax hotsprings onsen steam steaming
🎠	travel	carousel horse photo carnival activity entertainment fairground go merry round
🛝	travel	playground slide fun park amusement play
🎡	travel	ferris wheel photo carnival londoneye activity amusement big entertainment fairground observation park
🎢	travel	roller coaster carnival playground photo fun activity amusement entertainment park rollercoaster theme
💈	travel	barber pole hair salon style barber's haircut hairdresser shop stripes
🎪	travel	circus tent festival carnival party activity big entertainment top
🚂	travel	locomotive transportation vehicle train engine railway steam
🚃	travel	railway car transportation vehicle carriage electric railcar railroad train tram trolleybus wagon
🚄	travel	high-speed train high speed train transportation vehicle bullettrain railway shinkansen side
🚅	travel	bullet train transportation vehicle speed fast public travel bullettrain front high nose railway shinkansen
🚆	travel	train transportation vehicle diesel electric passenger railway regular train2
🚇	travel	metro transportation blue-square mrt underground tube subway train vehicle
🚈	travel	light rail transportation vehicle railway
🚉	travel	station transportation vehicle public platform railway train
🚊	travel	tram transportation vehicle trolleybus
🚝	travel	monorail transportation vehicle
🚞	travel	mountain railway transportation vehicle car funicular train
🚋	travel	tram car transportation vehicle carriage public travel train trolleybus
🚌	travel	bus car vehicle transportation school
🚍	travel	oncoming bus vehicle transportation front
🚎	travel	trolleybus bart transportation vehicle bus electric bus tram trolley
🚐	travel	minibus vehicle car transportation bus minivan mover people
🚑	travel	ambulance health 911 hospital vehicle
🚒	travel	fire engine transportation cars vehicle department truck
🚓	travel	police car vehicle cars transportation law legal enforcement cop patrol side
🚔	travel	oncoming police car vehicle law legal enforcement 911 front of 🚓 cop
🚕	travel	taxi uber vehicle cars transportation new side taxicab york
🚖	travel	oncoming taxi vehicle cars uber front taxicab
🚗	travel	automobile red transportation vehicle car side
🚘	travel	oncoming automobile car vehicle transportation front
🚙	travel	sport utility vehicle transportation vehicle blue campervan car motorhome recreational rv
🛻	travel	pickup truck car transportation vehicle
🚚	travel	delivery truck cars transportation vehicle resources
🚛	travel	articulated lorry vehicle cars transportation express green semi truck
🚜	travel	tractor vehicle car farming agriculture farm
🏎️	travel	racing car sports race fast formula f1 one
🏍️	travel	motorcycle race sports fast motorbike racing
🛵	travel	motor scooter vehicle vespa sasha bike cycle
🦽	travel	manual wheelchair accessibility
🦼	travel	motorized wheelchair accessibility
🛺	travel	auto rickshaw move transportation tuk
🚲	travel	bicycle bike sports exercise hipster push vehicle
🛴	travel	kick scooter vehicle kick razor
🛹	travel	skateboard board skate
🛼	travel	roller skate footwear sports derby inline
🚏	travel	bus stop transportation wait busstop
🛣️	travel	motorway road cupertino interstate highway
🛤️	travel	railway track train transportation
🛢️	travel	oil drum barrell
⛽	travel	fuel pump gas station petroleum diesel fuelpump petrol
🛞	travel	wheel car transport circle tire turn
🚨	travel	police car light police ambulance 911 emergency alert error pinged law legal beacon cars car’s emergency light flashing revolving rotating siren vehicle warning
🚥	travel	horizontal traffic light transportation signal
🚦	travel	vertical traffic light transportation driving semaphore signal
🛑	travel	stop sign stop octagonal
🚧	travel	construction wip progress caution warning barrier black roadwork sign striped yellow work in progress
⚓	travel	anchor ship ferry sea boat admiralty fisherman pattern tool
🛟	travel	ring buoy life saver life preserver float rescue safety
⛵	travel	sailboat ship summer transportation water sailing boat dinghy resort sea vehicle yacht
🛶	travel	canoe boat paddle water ship
🚤	travel	speedboat ship transportation vehicle summer boat motorboat powerboat
🛳️	travel	passenger ship yacht cruise ferry vehicle
⛴️	travel	ferry boat ship yacht passenger
🛥️	travel	motor boat ship motorboat vehicle
🚢	travel	ship transportation titanic deploy boat cruise passenger vehicle
✈️	travel	airplane vehicle transportation flight fly aeroplane plane
🛩️	travel	small airplane flight transportation fly vehicle aeroplane plane
🛫	travel	airplane departure airport flight landing aeroplane departures off plane taking vehicle
🛬	travel	airplane arrival airport flight boarding aeroplane arrivals arriving landing plane vehicle
🪂	travel	parachute fly glide hang parasail skydive
💺	travel	seat sit airplane transport bus flight fly aeroplane chair train
🚁	travel	helicopter transportation vehicle fly
🚟	travel	suspension railway vehicle transportation
🚠	travel	mountain cableway transportation vehicle ski cable gondola
🚡	travel	aerial tramway transportation vehicle ski cable car gondola ropeway
🛰️	travel	satellite communication gps orbit spaceflight nasa iss artificial space vehicle
🚀	travel	rocket launch ship staffmode nasa outer space fly shuttle vehicle deploy
🛸	travel	flying saucer transportation vehicle ufo alien extraterrestrial fantasy space
🛎️	travel	bellhop bell service hotel
🧳	travel	luggage packing travel suitcase
⌛	travel	hourglass done time clock oldschool limit exam quiz test sand timer
⏳	travel	hourglass not done oldschool time countdown flowing sand timer
⌚	travel	watch time accessories apple clock timepiece wrist wristwatch
⏰	travel	alarm clock time wake morning
⏱️	travel	stopwatch time deadline clock
⏲️	travel	timer clock alarm
🕰️	travel	mantelpiece clock time
🕛	travel	twelve o’clock twelve o clock 12 00:00 0000 12:00 1200 time noon midnight midday late early schedule clock12 face oclock o’clock
🕧	travel	twelve-thirty twelve thirty 00:30 0030 12:30 1230 time late early schedule clock clock1230 face
🕐	travel	one o’clock one o clock 1 1:00 100 13:00 1300 time late early schedule clock1 face oclock o’clock
🕜	travel	one-thirty one thirty 1:30 130 13:30 1330 time late early schedule clock clock130 face
🕑	travel	two o’clock two o clock 2 2:00 200 14:00 1400 time late early schedule clock2 face oclock o’clock
🕝	travel	two-thirty two thirty 2:30 230 14:30 1430 time late early schedule clock clock230 face
🕒	travel	three o’clock three o clock 3 3:00 300 15:00 1500 time late early schedule clock3 face oclock o’clock
🕞	travel	three-thirty three thirty 3:30 330 15:30 1530 time late early schedule clock clock330 face
🕓	travel	four o’clock four o clock 4 4:00 400 16:00 1600 time late early schedule clock4 face oclock o’clock
🕟	travel	four-thirty four thirty 4:30 430 16:30 1630 time late early schedule clock clock430 face
🕔	travel	five o’clock five o clock 5 5:00 500 17:00 1700 time late early schedule clock5 face oclock o’clock
🕠	travel	five-thirty five thirty 5:30 530 17:30 1730 time late early schedule clock clock530 face
🕕	travel	six o’clock six o clock 6 6:00 600 18:00 1800 time late early schedule dawn dusk clock6 face oclock o’clock
🕡	travel	six-thirty six thirty 6:30 630 18:30 1830 time late early schedule clock clock630 face
🕖	travel	seven o’clock seven o clock 7 7:00 700 19:00 1900 time late early schedule clock7 face oclock o’clock
🕢	travel	seven-thirty seven thirty 7:30 730 19:30 1930 time late early schedule clock clock730 face
🕗	travel	eight o’clock eight o clock 8 8:00 800 20:00 2000 time late early schedule clock8 face oclock o’clock
🕣	travel	eight-thirty eight thirty 8:30 830 20:30 2030 time late early schedule clock clock830 face
🕘	travel	nine o’clock nine o clock 9 9:00 900 21:00 2100 time late early schedule clock9 face oclock o’clock
🕤	travel	nine-thirty nine thirty 9:30 930 21:30 2130 time late early schedule clock clock930 face
🕙	travel	ten o’clock ten o clock 10 10:00 1000 22:00 2200 time late early schedule clock10 face oclock o’clock
🕥	travel	ten-thirty ten thirty 10:30 1030 22:30 2230 time late early schedule clock clock1030 face
🕚	travel	eleven o’clock eleven o clock 11 11:00 1100 23:00 2300 time late early schedule clock11 face oclock o’clock
🕦	travel	eleven-thirty eleven thirty 11:30 1130 23:30 2330 time late early schedule clock clock1130 face
🌑	travel	new moon nature twilight planet space night evening sleep dark eclipse shadow moon solar symbol weather
🌒	travel	waxing crescent moon nature twilight planet space night evening sleep symbol weather
🌓	travel	first quarter moon nature twilight planet space night evening sleep symbol weather
🌔	travel	waxing gibbous moon nature night sky gray twilight planet space evening sleep symbol weather
🌕	travel	full moon nature yellow twilight planet space night evening sleep symbol weather
🌖	travel	waning gibbous moon nature twilight planet space night evening sleep waxing gibbous moon symbol weather
🌗	travel	last quarter moon nature twilight planet space night evening sleep symbol weather
🌘	travel	waning crescent moon nature twilight planet space night evening sleep symbol weather
🌙	travel	crescent moon night sleep sky evening magic space weather
🌚	travel	new moon face nature twilight planet space night evening sleep creepy dark molester weather
🌛	travel	first quarter moon face nature twilight planet space night evening sleep weather
🌜	travel	last quarter moon face nature twilight planet space night evening sleep weather
🌡️	travel	thermometer weather temperature hot cold
☀️	travel	sun weather nature brightness summer beach spring black bright rays space sunny sunshine
🌝	travel	full moon face nature twilight planet space night evening sleep bright moonface smiley smiling weather
🌞	travel	sun with face nature morning sky bright smiley smiling space summer sunface weather
🪐	travel	ringed planet outerspace planets saturn saturnine space
⭐	travel	star night yellow gold medium white
🌟	travel	glowing star night sparkle awesome good magic glittery glow shining star2
🌠	travel	shooting star night photo activity falling meteoroid space stars upon when wish you
🌌	travel	milky way photo space stars galaxy night sky universe weather
☁️	travel	cloud weather sky cloudy overcast
⛅	travel	sun behind cloud weather nature cloudy morning fall spring partly sunny
⛈️	travel	cloud with lightning and rain weather lightning thunder
🌤️	travel	sun behind small cloud weather white
🌥️	travel	sun behind large cloud weather white
🌦️	travel	sun behind rain cloud weather white
🌧️	travel	cloud with rain weather
🌨️	travel	cloud with snow weather cold
🌩️	travel	cloud with lightning weather thunder
🌪️	travel	tornado weather cyclone twister cloud whirlwind
🌫️	travel	fog weather cloud
🌬️	travel	wind face gust air blow blowing cloud mother nature weather
🌀	travel	cyclone weather swirl blue cloud vortex spiral whirlpool spin tornado hurricane typhoon dizzy twister
🌈	travel	rainbow nature happy unicorn face photo sky spring gay lgbt pride primary rain weather
🌂	travel	closed umbrella weather rain drizzle clothing collapsed umbrella pink
☂️	travel	umbrella weather spring clothing open rain
☔	travel	umbrella with rain drops rainy weather spring clothing drop raining
⛱️	travel	umbrella on ground weather summer beach parasol rain sun
⚡	travel	high voltage thunder weather lightning bolt fast zap danger electric electricity sign thunderbolt speed
❄️	travel	snowflake winter season cold weather christmas xmas snow snowing
☃️	travel	snowman winter season cold weather christmas xmas frozen snow snowflakes snowing
⛄	travel	snowman without snow winter season cold weather christmas xmas frozen without snow frosty olaf
☄️	travel	comet space
🔥	travel	fire hot cook flame burn lit snapstreak tool remove
💧	travel	droplet water drip faucet spring cold comic drop sweat weather
🌊	travel	water wave sea water wave nature tsunami disaster beach ocean waves weather
🎃	activities	jack-o-lantern jack o lantern halloween light pumpkin creepy fall activity celebration entertainment gourd
🎄	activities	christmas tree festival vacation december xmas celebration activity entertainment xmas tree
🎆	activities	fireworks photo festival carnival congratulations activity celebration entertainment explosion
🎇	activities	sparkler stars night shine activity celebration entertainment firework fireworks hanabi senko sparkle
🧨	activities	firecracker dynamite boom explode explosion explosive fireworks
✨	activities	sparkles stars shine shiny cool awesome good magic entertainment glitter sparkle star
🎈	activities	balloon party celebration birthday circus activity entertainment red
🎉	activities	party popper party congratulations birthday magic circus celebration tada activity entertainment hat hooray
🎊	activities	confetti ball festival party birthday circus activity celebration entertainment
🎋	activities	tanabata tree plant nature branch summer bamboo wish star festival tanzaku activity banner celebration entertainment japanese
🎍	activities	pine decoration japanese plant nature vegetable panda new years bamboo activity celebration kadomatsu year
🎎	activities	japanese dolls japanese toy kimono activity celebration doll entertainment festival hinamatsuri imperial
🎏	activities	carp streamer fish japanese koinobori carp banner activity celebration entertainment flag flags socks wind
🎐	activities	wind chime nature ding spring bell activity celebration entertainment furin jellyfish
🎑	activities	moon viewing ceremony photo japan asia tsukimi activity autumn celebration dumplings entertainment festival grass harvest mid rice scene
🧧	activities	red envelope gift ang good hóngbāo lai luck money packet pao see
🎀	activities	ribbon decoration pink girl bowtie bow celebration
🎁	activities	wrapped gift present birthday christmas xmas box celebration entertainment
🎗️	activities	reminder ribbon sports cause support awareness celebration
🎟️	activities	admission tickets sports concert entrance entertainment ticket
🎫	activities	ticket event concert pass activity admission entertainment stub tour world
🎖️	activities	military medal award winning army celebration decoration medallion
🏆	activities	trophy win award contest place ftw ceremony championship prize winner winners
🏅	activities	sports medal award winning gold winner
🥇	activities	1st place medal award winning first gold
🥈	activities	2nd place medal award second silver
🥉	activities	3rd place medal award third bronze
⚽	activities	soccer ball sports football
⚾	activities	baseball sports balls ball softball
🥎	activities	softball sports balls ball game glove sport underarm
🏀	activities	basketball sports balls nba ball hoop orange
🏐	activities	volleyball sports balls ball game
🏈	activities	american football sports balls nfl ball gridiron superbowl
🏉	activities	rugby football sports team ball league union
🎾	activities	tennis sports balls green ball racket racquet
🥏	activities	flying disc sports frisbee ultimate game golf sport
🎳	activities	bowling sports fun play ball game pin pins skittles ten
🏏	activities	cricket game sports ball bat field
🏑	activities	field hockey sports ball game stick
🏒	activities	ice hockey sports game puck stick
🥍	activities	lacrosse sports ball stick game goal sport
🏓	activities	ping pong sports pingpong ball bat game paddle table tennis
🏸	activities	badminton sports birdie game racquet shuttlecock
🥊	activities	boxing glove sports fighting
🥋	activities	martial arts uniform judo karate taekwondo
🥅	activities	goal net sports catch
⛳	activities	flag in hole sports business flag hole summer golf
⛸️	activities	ice skate sports skating
🎣	activities	fishing pole food hobby summer entertainment fish rod
🤿	activities	diving mask sport ocean scuba snorkeling
🎽	activities	running shirt play pageant athletics marathon sash singlet
🎿	activities	skis sports winter cold snow boot ski skiing
🛷	activities	sled sleigh luge toboggan sledge
🥌	activities	curling stone sports game rock
🎯	activities	direct hit game play bar target bullseye activity archery bull dart darts entertainment eye
🪀	activities	yo-yo yo yo toy fluctuate yoyo
🪁	activities	kite wind fly soar toy
🔫	activities	water pistol pistol violence weapon revolver gun handgun shoot squirt tool water
🎱	activities	pool 8 ball pool hobby game luck magic 8ball billiard billiards cue eight snooker
🔮	activities	crystal ball disco party magic circus fortune teller clairvoyant fairy fantasy psychic purple tale tool
🪄	activities	magic wand supernature power witch wizard
🎮	activities	video game play console ps4 controller entertainment gamepad playstation u wii xbox
🕹️	activities	joystick game play entertainment video
🎰	activities	slot machine bet gamble vegas fruit machine luck casino activity gambling game poker
🎲	activities	game die dice random tabletop play luck entertainment gambling
🧩	activities	puzzle piece interlocking puzzle piece clue jigsaw
🧸	activities	teddy bear plush stuffed plaything toy
🪅	activities	pinata mexico candy celebration party piñata
🪩	activities	mirror ball disco dance party glitter
🪆	activities	nesting dolls matryoshka toy doll russia russian
♠️	activities	spade suit poker cards suits magic black card game spades
♥️	activities	heart suit poker cards magic suits black card game hearts
♦️	activities	diamond suit poker cards magic suits black card diamonds game
♣️	activities	club suit poker cards magic suits black card clubs game
♟️	activities	chess pawn expendable black dupe game piece
🃏	activities	joker poker cards game play magic black card entertainment playing wildcard
🀄	activities	mahjong red dragon game play chinese kanji tile
🎴	activities	flower playing cards game sunset red activity card deck entertainment hanafuda hwatu japanese of cards
🎭	activities	performing arts acting theater drama activity art comedy entertainment greek logo mask masks theatre theatre masks tragedy
🖼️	activities	framed picture photography art frame museum painting
🎨	activities	artist palette design paint draw colors activity art entertainment museum painting improve
🧵	activities	thread needle sewing spool string crafts
🪡	activities	sewing needle stitches embroidery sutures tailoring
🧶	activities	yarn ball crochet knit crafts
🪢	activities	knot rope scout tangled tie twine twist
👓	objects	glasses fashion accessories eyesight nerdy dork geek clothing eye eyeglasses eyewear
🕶️	objects	sunglasses face cool accessories dark eye eyewear glasses
🥽	objects	goggles eyes protection safety clothing eye swimming welding
🥼	objects	lab coat doctor experiment scientist chemist clothing
🦺	objects	safety vest protection emergency
👔	objects	necktie shirt suitup formal fashion cloth business clothing tie
👕	objects	t-shirt t shirt fashion cloth casual shirt tee clothing polo tshirt
👖	objects	jeans fashion shopping clothing denim pants trousers
🧣	objects	scarf neck winter clothes clothing
🧤	objects	gloves hands winter clothes clothing hand
🧥	objects	coat jacket clothing
🧦	objects	socks stockings clothes clothing pair stocking
👗	objects	dress clothes fashion shopping clothing gown skirt
👘	objects	kimono dress fashion women female japanese clothing dressing gown
🥻	objects	sari dress clothing saree shari
🩱	objects	one-piece swimsuit one piece swimsuit fashion bathing clothing suit swim
🩲	objects	briefs clothing bathing brief suit swim swimsuit underwear
🩳	objects	shorts clothing bathing pants suit swim swimsuit underwear
👙	objects	bikini swimming female woman girl fashion beach summer bathers clothing swim swimsuit
👚	objects	woman’s clothes woman s clothes fashion shopping bags female blouse clothing pink shirt womans woman’s
🪭	objects	folding hand fan flamenco hot sensu
👛	objects	purse fashion accessories money sales shopping clothing coin wallet
👜	objects	handbag fashion accessory accessories shopping bag clothing purse women’s
👝	objects	clutch bag bag accessories shopping clothing pouch small
🛍️	objects	shopping bags mall buy purchase bag hotel
🎒	objects	backpack student education bag activity rucksack satchel school
🩴	objects	thong sandal footwear summer beach flip flops jandals sandals thongs zōri
👞	objects	man’s shoe man s shoe fashion male brown clothing dress mans man’s
👟	objects	running shoe shoes sports sneakers athletic clothing runner sneaker sport tennis trainer
🥾	objects	hiking boot backpacking camping hiking clothing
🥿	objects	flat shoe ballet slip-on slipper clothing woman’s
👠	objects	high-heeled shoe high heeled shoe fashion shoes female pumps stiletto clothing heel heels woman
👡	objects	woman’s sandal woman s sandal shoes fashion flip flops clothing heeled sandals shoe womans woman’s
🩰	objects	ballet shoes dance clothing pointe shoe
👢	objects	woman’s boot woman s boot shoes fashion boots clothing cowgirl heeled high knee shoe womans woman’s
🪮	objects	hair pick afro comb
👑	objects	crown king kod leader royalty lord clothing queen royal
👒	objects	woman’s hat woman s hat fashion accessories female lady spring bow clothing ladies womans woman’s
🎩	objects	top hat magic gentleman classy circus activity clothing entertainment formal groom tophat wear
🎓	objects	graduation cap school college degree university graduation cap hat legal learn education academic activity board celebration clothing graduate mortar square
🧢	objects	billed cap cap baseball clothing hat
🪖	objects	military helmet army protection soldier warrior
⛑️	objects	rescue worker’s helmet rescue worker s helmet construction build aid cross face hat white worker’s
📿	objects	prayer beads dhikr religious clothing necklace religion rosary
💄	objects	lipstick female girl fashion woman cosmetics gloss lip makeup style
💍	objects	ring wedding propose marriage valentines diamond fashion jewelry gem engagement engaged romance
💎	objects	gem stone blue ruby diamond jewelry gemstone jewel romance
🔇	objects	muted speaker sound volume silence quiet cancellation mute off silent stroke
🔈	objects	speaker low volume sound volume silence broadcast soft
🔉	objects	speaker medium volume volume speaker broadcast low one reduce sound wave
🔊	objects	speaker high volume volume noise noisy speaker broadcast entertainment increase loud sound three waves
📢	objects	loudspeaker volume sound address announcement bullhorn communication loud megaphone pa public system
📣	objects	megaphone sound speaker volume bullhorn cheering communication mega
📯	objects	postal horn instrument music bugle communication entertainment french post
🔔	objects	bell sound notification christmas xmas chime liberty ringer wedding
🔕	objects	bell with slash sound volume mute quiet silent cancellation disabled forbidden muted no not notifications off prohibited ringer stroke
🎼	objects	musical score treble clef compose activity entertainment music sheet
🎵	objects	musical note score tone sound activity beamed eighth entertainment music notes pair quavers
🎶	objects	musical notes music score activity entertainment multiple note singing
🎙️	objects	studio microphone sing recording artist talkshow mic music podcast
🎚️	objects	level slider scale music
🎛️	objects	control knobs dial music
🎤	objects	microphone sound music pa sing talkshow activity entertainment karaoke mic singing
🎧	objects	headphone music score gadgets activity earbud earphone earphones entertainment headphones ipod
📻	objects	radio communication music podcast program digital entertainment video wireless
🎷	objects	saxophone music instrument jazz blues activity entertainment sax
🎺	objects	trumpet music brass activity entertainment horn instrument jazz
🪊	objects	trombone music instrument
🪗	objects	accordion music accordian box concertina squeeze
🎸	objects	guitar music instrument acoustic guitar activity bass electric entertainment rock
🎹	objects	musical keyboard piano instrument compose activity entertainment music
🎻	objects	violin music instrument orchestra symphony activity entertainment quartet smallest string world’s
🪕	objects	banjo music instructment activity entertainment instrument stringed
🥁	objects	drum music instrument drumsticks snare
🪘	objects	long drum music beat conga djembe rhythm
🪇	objects	maracas music instrument percussion shaker
🪈	objects	flute bamboo music instrument pied piper recorder
🪉	objects	harp music instrument
📱	objects	mobile phone technology apple gadgets dial cell communication iphone smartphone telephone responsive design
📲	objects	mobile phone with arrow iphone incoming call calling cell communication left pointing receive rightwards telephone
☎️	objects	telephone technology communication dial black phone rotary
📞	objects	telephone receiver technology communication dial call handset phone
📟	objects	pager bbcall oldschool 90s beeper bleeper communication
📠	objects	fax machine communication technology facsimile
🔋	objects	battery power energy sustain aa phone
🪫	objects	low battery drained dead electronic energy no red
🔌	objects	electric plug charger power ac adaptor cable electricity
💻	objects	laptop technology screen display monitor computer desktop notebook pc personal
🖥️	objects	desktop computer technology computing screen imac
🖨️	objects	printer paper ink computer
⌨️	objects	keyboard technology computer type input text
🖱️	objects	computer mouse click button three
🖲️	objects	trackball technology trackpad computer
💽	objects	computer disk technology record data disk 90s entertainment minidisc minidisk optical
💾	objects	floppy disk oldschool technology save 90s 80s computer
💿	objects	optical disk technology dvd disk disc 90s cd compact computer rom
📀	objects	dvd cd disk disc computer entertainment optical rom video
🧮	objects	abacus calculation count counting frame math
🎥	objects	movie camera film record activity cinema entertainment hollywood video
🎞️	objects	film frames movie cinema entertainment strip
📽️	objects	film projector video tape record movie cinema entertainment
🎬	objects	clapper board movie film record activity clapboard director entertainment slate
📺	objects	television technology program oldschool show entertainment tv video
📷	objects	camera gadgets photography digital entertainment photo video
📸	objects	camera with flash photography gadgets photo video snapshots
📹	objects	video camera film record camcorder entertainment
📼	objects	videocassette record video oldschool 90s 80s entertainment tape vcr vhs
🔍	objects	magnifying glass tilted left search zoom find detective icon mag magnifier pointing tool
🔎	objects	magnifying glass tilted right search zoom find detective icon mag magnifier pointing tool seo
🕯️	objects	candle fire wax light
💡	objects	light bulb light electricity idea comic electric
🔦	objects	flashlight dark camping sight night electric light tool torch
🏮	objects	red paper lantern light paper halloween spooky asian bar izakaya japanese
🪔	objects	diya lamp lighting oil
📔	objects	notebook with decorative cover classroom notes record paper study book decorated
📕	objects	closed book read library knowledge textbook learn red
📖	objects	open book book read library knowledge literature learn study novel
📗	objects	green book read library knowledge study textbook
📘	objects	blue book read library knowledge learn study textbook
📙	objects	orange book read library knowledge textbook study
📚	objects	books literature library study book pile stack
📓	objects	notebook stationery record notes paper study black book composition white
📒	objects	ledger notes paper binder book bound notebook spiral yellow
📃	objects	page with curl documents office paper curled curly page document license
📜	objects	scroll documents ancient history paper degree document parchment
📄	objects	page facing up documents office paper information document printed
📰	objects	newspaper press headline communication news paper
🗞️	objects	rolled-up newspaper rolled up newspaper press headline delivery news paper roll
📑	objects	bookmark tabs favorite save order tidy mark marker
🔖	objects	bookmark favorite label save mark price tag
🏷️	objects	label sale tag
🪙	objects	coin money currency gold metal silver treasure
💰	objects	money bag dollar payment coins sale cream moneybag moneybags rich
🪎	objects	treasure chest gold haul mimic crate jewelry riches
💴	objects	yen banknote money sales japanese dollar currency bank banknotes bill note sign
💵	objects	dollar banknote money sales bill currency american bank banknotes note sign
💶	objects	euro banknote money sales dollar currency bank banknotes bill note sign
💷	objects	pound banknote british sterling money sales bills uk england currency bank banknotes bill note quid sign twenty
💸	objects	money with wings dollar bills payment sale bank banknote bill fly flying losing note
💳	objects	credit card money sales dollar bill payment shopping amex bank club diners mastercard subscription visa
🧾	objects	receipt accounting expenses bookkeeping evidence proof
💹	objects	chart increasing with yen green-square graph presentation stats bank currency exchange growth market money rate rise sign trend upward upwards
✉️	objects	envelope letter postal inbox communication email ✉ letter
📧	objects	e-mail e mail communication inbox email letter symbol
📨	objects	incoming envelope email inbox communication fast letter lines mail receive
📩	objects	envelope with arrow email communication above down downwards insert letter mail outgoing sent
📤	objects	outbox tray inbox email box communication letter mail sent
📥	objects	inbox tray email documents box communication letter mail receive
📦	objects	package mail gift cardboard box moving communication parcel shipping container
📫	objects	closed mailbox with raised flag email inbox communication mail postbox
📪	objects	closed mailbox with lowered flag email communication inbox mail postbox
📬	objects	open mailbox with raised flag email inbox communication mail postbox
📭	objects	open mailbox with lowered flag email inbox communication mail no postbox
📮	objects	postbox email letter envelope communication mail mailbox
🗳️	objects	ballot box with ballot election vote voting
✏️	objects	pencil stationery write paper writing school study lead pencil2 typos
✒️	objects	black nib pen stationery writing write fountain ✒ fountain
🖋️	objects	fountain pen stationery writing write communication left lower
🖊️	objects	pen stationery writing write ballpoint communication left lower
🖌️	objects	paintbrush drawing creativity art brush communication left lower painting
🖍️	objects	crayon drawing creativity communication left lower
📝	objects	memo write documents stationery pencil paper writing legal exam quiz test study compose communication document memorandum note documentation
💼	objects	briefcase business documents work law legal job career suitcase
📁	objects	file folder documents business office closed directory manilla
📂	objects	open file folder documents load
🗂️	objects	card index dividers organizing business stationery
📅	objects	calendar schedule date day emoji july world
📆	objects	tear-off calendar tear off calendar schedule date planning day desk
🗒️	objects	spiral notepad memo stationery note pad
🗓️	objects	spiral calendar date schedule planning pad
📇	objects	card index business stationery rolodex system
📈	objects	chart increasing graph presentation stats recovery business economics money sales good success growth metrics pointing positive chart trend up upward upwards analytics
📉	objects	chart decreasing graph presentation stats recession business economics money sales bad failure down downwards down pointing metrics negative chart trend
📊	objects	bar chart graph presentation stats metrics
📋	objects	clipboard stationery documents
📌	objects	pushpin stationery mark here location pin tack thumb
📍	objects	round pushpin stationery location map here dropped pin red
📎	objects	paperclip documents stationery clippy
🖇️	objects	linked paperclips documents stationery communication link paperclip
📏	objects	straight ruler stationery calculate length math school drawing architect sketch edge
📐	objects	triangular ruler stationery math architect sketch set triangle
✂️	objects	scissors stationery cut black cutting tool
🗃️	objects	card file box business stationery database
🗄️	objects	file cabinet filing organizing
🗑️	objects	wastebasket bin trash rubbish garbage toss basket can litter wastepaper
🔒	objects	locked security password padlock closed lock private privacy
🔓	objects	unlocked privacy security lock open padlock unlock
🔏	objects	locked with pen security secret fountain ink lock lock with nib privacy
🔐	objects	locked with key security privacy closed lock secure secret
🔑	objects	key lock door password gold
🗝️	objects	old key lock door password clue
🔨	objects	hammer tools build create claw handyman tool
🪓	objects	axe tool chop cut hatchet split wood
⛏️	objects	pick tools dig mining pickaxe tool
⚒️	objects	hammer and pick tools build create tool
🛠️	objects	hammer and wrench tools build create spanner tool
🗡️	objects	dagger weapon knife
⚔️	objects	crossed swords weapon
💣	objects	bomb boom explode explosion terrorism comic
🪃	objects	boomerang weapon australia rebound repercussion
🏹	objects	bow and arrow sports archer archery sagittarius tool zodiac
🛡️	objects	shield protection security weapon
🪚	objects	carpentry saw cut chop carpenter hand lumber tool
🔧	objects	wrench tools diy ikea fix maintainer spanner tool
🪛	objects	screwdriver tools screw tool
🔩	objects	nut and bolt handy tools fix screw tool
⚙️	objects	gear cog cogwheel tool
🗜️	objects	clamp tool compress compression table vice winzip
⚖️	objects	balance scale law fairness weight justice libra scales tool zodiac
🦯	objects	white cane probing cane accessibility blind white
🔗	objects	link rings url chain hyperlink linked symbol
⛓️‍💥	objects	broken chain constraint break
⛓️	objects	chains lock arrest chain
🪝	objects	hook tools catch crook curve ensnare fishing point selling tool
🧰	objects	toolbox tools diy fix maintainer mechanic chest tool
🧲	objects	magnet attraction magnetic horseshoe
🪜	objects	ladder tools climb rung step tool
🪏	objects	shovel tool dig
⚗️	objects	alembic distilling science experiment chemistry tool
🧪	objects	test tube chemistry experiment lab science chemist test
🧫	objects	petri dish bacteria biology culture lab biologist
🧬	objects	dna biologist genetics life double evolution gene helix
🔬	objects	microscope laboratory experiment zoomin science study investigate magnify tool
🔭	objects	telescope stars space zoom science astronomy stargazing tool
📡	objects	satellite antenna communication future radio space dish signal
💉	objects	syringe health hospital drugs blood medicine needle doctor nurse shot sick tool vaccination vaccine
🩸	objects	drop of blood period hurt harm wound bleed doctor donation injury medicine menstruation
💊	objects	pill health medicine doctor pharmacy drug capsule drugs sick tablet
🩹	objects	adhesive bandage heal aid band doctor medicine plaster
🩼	objects	crutch accessibility assist aid cane disability hurt mobility stick
🩺	objects	stethoscope health doctor heart medicine healthcheck
🩻	objects	x-ray skeleton medicine bones doctor medical ray x
🚪	objects	door house entry exit doorway front
🛗	objects	elevator lift accessibility hoist
🪞	objects	mirror reflection reflector speculum
🪟	objects	window scenery air frame fresh glass opening transparent view
🛏️	objects	bed sleep rest bedroom hotel
🛋️	objects	couch and lamp read chill hotel lounge settee sofa
🪑	objects	chair sit furniture seat
🚽	objects	toilet restroom wc washroom bathroom potty loo
🪠	objects	plunger toilet cup force plumber suction
🚿	objects	shower clean water bathroom bath head
🛁	objects	bathtub clean shower bathroom bath bubble
🪤	objects	mouse trap cheese bait mousetrap rodent snare
🪒	objects	razor cut sharp shave
🧴	objects	lotion bottle moisturizer sunscreen shampoo
🧷	objects	safety pin diaper punk rock
🧹	objects	broom cleaning sweeping witch brush sweep
🧺	objects	basket laundry farming picnic
🧻	objects	roll of paper roll toilet towels
🪣	objects	bucket water container cask pail vat
🧼	objects	soap bar bathing cleaning lather soapdish
🫧	objects	bubbles soap fun carbonation sparkling burp clean underwater
🪥	objects	toothbrush hygiene dental bathroom brush clean teeth
🧽	objects	sponge absorbing cleaning porous
🧯	objects	fire extinguisher quench extinguish
🛒	objects	shopping cart trolley
🚬	objects	cigarette kills tobacco joint smoke activity smoking symbol
⚰️	objects	coffin vampire dead die death rip graveyard cemetery casket funeral box remove
🪦	objects	headstone death rip grave cemetery graveyard halloween tombstone
⚱️	objects	funeral urn dead die death rip ashes vase
🧿	objects	nazar amulet bead charm boncuğu evil eye talisman
🪬	objects	hamsa religion protection amulet fatima hand mary miriam
🗿	objects	moai rock easter island carving face human moyai statue stone
🪧	objects	placard announcement demonstration lawn picket post protest sign
🪪	objects	identification card document credentials id license security
🏧	symbols	atm sign money sales cash blue-square payment bank automated machine teller
🚮	symbols	litter in bin sign blue-square sign human info its litterbox person place put symbol trash
🚰	symbols	potable water blue-square liquid restroom cleaning faucet drink drinking symbol tap thirst thirsty
♿	symbols	wheelchair symbol blue-square disabled accessibility access accessible bathroom
🚹	symbols	men’s room men s room toilet restroom wc blue-square gender male lavatory man mens men’s symbol
🚺	symbols	women’s room women s room purple-square woman female toilet loo restroom gender lavatory symbol wc womens womens toilet women’s
🚻	symbols	restroom blue-square toilet refresh wc gender bathroom lavatory sign
🚼	symbols	baby symbol orange-square child change changing nursery station
🚾	symbols	water closet toilet restroom blue-square lavatory wc
🛂	symbols	passport control custom blue-square border permissions authorization roles
🛃	symbols	customs passport border blue-square
🛄	symbols	baggage claim blue-square airport transport
🛅	symbols	left luggage blue-square travel baggage bag with key locked locker suitcase
⚠️	symbols	warning exclamation wip alert error problem issue sign symbol
🚸	symbols	children crossing school warning danger sign driving yellow-diamond child kids pedestrian traffic experience usability
⛔	symbols	no entry limit security privacy bad denied stop circle forbidden not prohibited traffic
🚫	symbols	prohibited forbid stop limit denied disallow circle backslash banned block crossed entry forbidden no not red restricted sign
🚳	symbols	no bicycles no bikes bicycle bike cyclist prohibited circle forbidden not sign vehicle
🚭	symbols	no smoking cigarette blue-square smell smoke forbidden not prohibited sign symbol
🚯	symbols	no littering trash bin garbage circle do forbidden litter not prohibited symbol
🚱	symbols	non-potable water non potable water drink faucet tap circle drinking forbidden no not prohibited symbol
🚷	symbols	no pedestrians rules crossing walking circle forbidden not pedestrian people prohibited
📵	symbols	no mobile phones iphone mute circle cell communication forbidden not phone prohibited smartphones telephone
🔞	symbols	no one under eighteen 18 drink pub night minor circle age forbidden not nsfw prohibited restriction symbol underage
☢️	symbols	radioactive nuclear danger international radiation sign symbol
☣️	symbols	biohazard danger sign
⬆️	symbols	up arrow blue-square continue top direction black cardinal north pointing upwards upgrade
↗️	symbols	up-right arrow up right arrow blue-square point direction diagonal northeast east intercardinal north upper
➡️	symbols	right arrow blue-square next black cardinal direction east pointing rightwards right arrow
↘️	symbols	down-right arrow down right arrow blue-square direction diagonal southeast east intercardinal lower right arrow south
⬇️	symbols	down arrow blue-square direction bottom black cardinal downwards down arrow pointing south downgrade
↙️	symbols	down-left arrow down left arrow blue-square direction diagonal southwest intercardinal left arrow lower south west
⬅️	symbols	left arrow blue-square previous back black cardinal direction leftwards left arrow pointing west
↖️	symbols	up-left arrow up left arrow blue-square point direction diagonal northwest intercardinal left arrow north upper west
↕️	symbols	up-down arrow up down arrow blue-square direction way vertical arrows intercardinal northwest
↔️	symbols	left-right arrow left right arrow shape direction horizontal sideways arrows horizontal arrows
↩️	symbols	right arrow curving left back return blue-square undo enter curved email hook leftwards reply
↪️	symbols	left arrow curving right blue-square return rotate direction email forward hook rightwards right curved
⤴️	symbols	right arrow curving up blue-square direction top heading pointing rightwards then upwards
⤵️	symbols	right arrow curving down blue-square direction bottom curved downwards heading pointing rightwards then
🔃	symbols	clockwise vertical arrows sync cycle round repeat arrow circle downwards open reload upwards
🔄	symbols	counterclockwise arrows button blue-square sync cycle anticlockwise arrow circle downwards open refresh rotate switch upwards withershins
🔙	symbols	back arrow arrow words return above leftwards
🔚	symbols	end arrow words arrow above leftwards
🔛	symbols	on! arrow on arrow arrow words above exclamation left mark on! right
🔜	symbols	soon arrow arrow words above rightwards
🔝	symbols	top arrow words blue-square above up upwards
🛐	symbols	place of worship religion church temple prayer building religious
⚛️	symbols	atom symbol science physics chemistry atheist
🕉️	symbols	om hinduism buddhism sikhism jainism aumkara hindu omkara pranava religion symbol
✡️	symbols	star of david judaism jew jewish magen religion
☸️	symbols	wheel of dharma hinduism buddhism sikhism jainism buddhist helm religion
☯️	symbols	yin yang balance religion tao taoist
✝️	symbols	latin cross christianity christian religion
☦️	symbols	orthodox cross suppedaneum religion christian
☪️	symbols	star and crescent islam muslim religion
☮️	symbols	peace symbol hippie sign
🕎	symbols	menorah hanukkah candles jewish branches candelabrum candlestick chanukiah nine religion
🔯	symbols	dotted six-pointed star dotted six pointed star purple-square religion jewish hexagram dot fortune middle
🪯	symbols	khanda sikhism religion
♈	symbols	aries sign purple-square zodiac astrology ram
♉	symbols	taurus purple-square sign zodiac astrology bull ox
♊	symbols	gemini sign zodiac purple-square astrology twins
♋	symbols	cancer sign zodiac purple-square astrology crab
♌	symbols	leo sign purple-square zodiac astrology lion
♍	symbols	virgo sign zodiac purple-square astrology maiden virgin
♎	symbols	libra sign purple-square zodiac astrology balance justice scales
♏	symbols	scorpio sign zodiac purple-square astrology scorpion scorpius
♐	symbols	sagittarius sign zodiac purple-square astrology archer
♑	symbols	capricorn sign zodiac purple-square astrology goat
♒	symbols	aquarius sign purple-square zodiac astrology bearer water
♓	symbols	pisces purple-square sign zodiac astrology fish
⛎	symbols	ophiuchus sign purple-square constellation astrology bearer serpent snake zodiac
🔀	symbols	shuffle tracks button blue-square shuffle music random arrow arrows crossed rightwards symbol twisted merge
🔁	symbols	repeat button loop record arrow arrows circle clockwise leftwards open retweet rightwards symbol
🔂	symbols	repeat single button blue-square loop arrow arrows circle circled clockwise leftwards number once one open overlay rightwards symbol track
▶️	symbols	play button blue-square right direction play arrow black forward pointing right triangle triangle
⏩	symbols	fast-forward button fast forward button blue-square play speed continue arrow black double pointing right symbol triangle
⏭️	symbols	next track button forward next blue-square arrow bar black double pointing right scene skip symbol triangle vertical
⏯️	symbols	play or pause button blue-square play pause arrow bar black double play/pause pointing right symbol triangle vertical
◀️	symbols	reverse button blue-square left direction arrow backward black pointing triangle
⏪	symbols	fast reverse button play blue-square arrow black double left pointing rewind symbol triangle revert
⏮️	symbols	last track button backward arrow bar black double left pointing previous scene skip symbol triangle vertical
🔼	symbols	upwards button blue-square triangle direction point forward top arrow pointing red small up
⏫	symbols	fast up button blue-square direction top arrow black double pointing triangle
🔽	symbols	downwards button blue-square direction bottom arrow down pointing red small triangle
⏬	symbols	fast down button blue-square direction bottom arrow black double pointing triangle
⏸️	symbols	pause button pause blue-square bar double symbol vertical
⏹️	symbols	stop button blue-square black for square symbol
⏺️	symbols	record button blue-square black circle for symbol
⏏️	symbols	eject button blue-square symbol
🎦	symbols	cinema blue-square record film movie curtain stage theater activity camera entertainment movies screen symbol
🔅	symbols	dim button sun afternoon warm summer brightness decrease low symbol
🔆	symbols	bright button sun light brightness high increase symbol
📶	symbols	antenna bars blue-square reception phone internet connection wifi bluetooth bars bar cell cellular communication mobile signal stairs strength telephone
🛜	symbols	wireless wifi internet contactless signal
📳	symbols	vibration mode orange-square phone cell communication heart mobile silent telephone
📴	symbols	mobile phone off mute orange-square silence quiet cell communication telephone
♀️	symbols	female sign woman women lady girl symbol venus
♂️	symbols	male sign man boy men mars symbol
⚧️	symbols	transgender symbol transgender lgbtq female lgbt male pride sign stroke
✖️	symbols	multiplication sign math calculation cancel heavy multiply symbol x
➕	symbols	plus sign math calculation addition more increase heavy symbol add
➖	symbols	minus sign math calculation subtract less heavy symbol remove
➗	symbols	division sign divide math calculation heavy symbol
🟰	symbols	heavy equals sign math equality
♾️	symbols	infinity forever paper permanent sign unbounded universal
‼️	symbols	double exclamation mark exclamation surprise bangbang punctuation red
⁉️	symbols	exclamation question mark wat punctuation surprise interrobang red
❓	symbols	red question mark question mark doubt confused black ornament punctuation red
❔	symbols	white question mark doubts gray huh confused grey ornament outlined punctuation
❕	symbols	white exclamation mark surprise punctuation gray wow warning grey ornament outlined
❗	symbols	red exclamation mark exclamation mark heavy exclamation mark danger surprise punctuation wow warning bang red symbol
〰️	symbols	wavy dash draw line moustache mustache squiggle scribble punctuation wave
💱	symbols	currency exchange money sales dollar travel bank
💲	symbols	heavy dollar sign money sales payment currency buck
⚕️	symbols	medical symbol health hospital aesculapius asclepius asklepios care doctor medicine rod snake staff
♻️	symbols	recycling symbol arrow environment garbage trash black green logo recycle universal reuse
⚜️	symbols	fleur-de-lis fleur de lis decorative scout new orleans saints scouts
🔱	symbols	trident emblem weapon spear anchor pitchfork ship tool
📛	symbols	name badge fire forbid tag tofu
🔰	symbols	japanese symbol for beginner badge shield chevron green leaf mark shoshinsha tool yellow
⭕	symbols	hollow red circle circle round correct heavy large mark o
✅	symbols	check mark button green-square ok agree vote election answer tick green heavy symbol white pass tests
☑️	symbols	check box with check ok agree confirm black-square vote election yes tick ballot checkbox mark
✔️	symbols	check mark ok nike answer yes tick heavy
❌	symbols	cross mark no delete remove cancel red multiplication multiply x
❎	symbols	cross mark button x green-square no deny negative square squared
➰	symbols	curly loop scribble draw shape squiggle curl curling
➿	symbols	double curly loop tape cassette curl curling voicemail
〽️	symbols	part alternation mark graph presentation stats business economics bad m mcdonald’s
✳️	symbols	eight-spoked asterisk eight spoked asterisk star sparkle green-square
✴️	symbols	eight-pointed star eight pointed star orange-square shape polygon black orange
❇️	symbols	sparkle stars green-square awesome good fireworks
©️	symbols	copyright ip license circle law legal c sign
®️	symbols	registered alphabet circle r sign
™️	symbols	trade mark trademark brand law legal sign tm
🫟	symbols	splatter
#️⃣	symbols	keycap: # keycap symbol blue-square twitter hash hashtag key number octothorpe pound sign
*️⃣	symbols	keycap: * keycap star asterisk
0️⃣	symbols	keycap: 0 keycap 0 0 numbers blue-square null zero digit
1️⃣	symbols	keycap: 1 keycap 1 blue-square numbers 1 one digit
2️⃣	symbols	keycap: 2 keycap 2 numbers 2 prime blue-square two digit
3️⃣	symbols	keycap: 3 keycap 3 3 numbers prime blue-square three digit
4️⃣	symbols	keycap: 4 keycap 4 4 numbers blue-square four digit
5️⃣	symbols	keycap: 5 keycap 5 5 numbers blue-square prime five digit
6️⃣	symbols	keycap: 6 keycap 6 6 numbers blue-square six digit
7️⃣	symbols	keycap: 7 keycap 7 7 numbers blue-square prime seven digit
8️⃣	symbols	keycap: 8 keycap 8 8 blue-square numbers eight digit
9️⃣	symbols	keycap: 9 keycap 9 blue-square numbers 9 nine digit
🔟	symbols	keycap: 10 keycap 10 numbers 10 blue-square ten number
🔠	symbols	input latin uppercase alphabet words letters uppercase blue-square abcd capital for symbol
🔡	symbols	input latin lowercase blue-square letters lowercase alphabet abcd for small symbol
🔢	symbols	input numbers numbers blue-square 1234 1 2 3 4 for numeric symbol
🔣	symbols	input symbols blue-square music note ampersand percent glyphs characters for symbol symbol input
🔤	symbols	input latin letters blue-square alphabet abc for symbol
🅰️	symbols	a button (blood type) a button red-square alphabet letter blood capital latin negative squared type
🆎	symbols	ab button (blood type) ab button red-square alphabet blood negative squared type
🅱️	symbols	b button (blood type) b button red-square alphabet letter blood capital latin negative squared type
🆑	symbols	cl button alphabet words red-square clear sign squared
🆒	symbols	cool button words blue-square sign square squared
🆓	symbols	free button blue-square words sign squared
ℹ️	symbols	information blue-square alphabet letter i info lowercase source tourist
🆔	symbols	id button purple-square words identification identity sign squared
Ⓜ️	symbols	circled m alphabet blue-circle letter capital circle latin metro
🆕	symbols	new button blue-square words start fresh sign squared
🆖	symbols	ng button blue-square words shape icon blooper good no sign squared
🅾️	symbols	o button (blood type) o button alphabet red-square letter blood capital latin negative o2 squared type
🆗	symbols	ok button good agree yes blue-square okay sign square squared
🅿️	symbols	p button cars blue-square alphabet letter capital latin negative parking sign squared
🆘	symbols	sos button help red-square words emergency 911 distress sign signal squared
🆙	symbols	up! button up button blue-square above high exclamation level mark sign squared up!
🆚	symbols	vs button words orange-square squared versus
🈁	symbols	japanese “here” button japanese here button blue-square here katakana japanese destination koko meaning sign squared word “here”
🈂️	symbols	japanese “service charge” button japanese service charge button japanese blue-square katakana charge” meaning or sa sign squared “service “service”
🈷️	symbols	japanese “monthly amount” button japanese monthly amount button chinese month moon japanese orange-square kanji amount” cjk ideograph meaning radical sign squared u6708 unified “monthly
🈶	symbols	japanese “not free of charge” button japanese not free of charge button orange-square chinese have kanji charge” cjk exist ideograph meaning own sign squared u6709 unified “not
🈯	symbols	japanese “reserved” button japanese reserved button chinese point green-square kanji cjk finger ideograph meaning sign squared u6307 unified “reserved”
🉐	symbols	japanese “bargain” button japanese bargain button chinese kanji obtain get circle acquire advantage circled ideograph meaning sign “bargain”
🈹	symbols	japanese “discount” button japanese discount button cut divide chinese kanji pink-square bargain cjk ideograph meaning sale sign squared u5272 unified “discount”
🈚	symbols	japanese “free of charge” button japanese free of charge button nothing chinese kanji japanese orange-square charge” cjk ideograph lacking meaning negation sign squared u7121 unified “free
🈲	symbols	japanese “prohibited” button japanese prohibited button kanji japanese chinese forbidden limit restricted red-square cjk forbid ideograph meaning prohibit sign squared u7981 unified “prohibited”
🉑	symbols	japanese “acceptable” button japanese acceptable button ok good chinese kanji agree yes orange-circle accept circled ideograph meaning sign “acceptable”
🈸	symbols	japanese “application” button japanese application button chinese japanese kanji orange-square apply cjk form ideograph meaning monkey request sign squared u7533 unified “application”
🈴	symbols	japanese “passing grade” button japanese passing grade button japanese chinese join kanji red-square agreement cjk grade” ideograph meaning sign squared together u5408 unified “passing
🈳	symbols	japanese “vacancy” button japanese vacancy button kanji japanese chinese empty sky blue-square 7a7a available cjk ideograph meaning sign squared u7a7a unified “vacancy”
㊗️	symbols	japanese “congratulations” button japanese congratulations button chinese kanji japanese red-circle circled congratulate congratulation ideograph meaning sign “congratulations”
㊙️	symbols	japanese “secret” button japanese secret button privacy chinese sshh kanji red-circle circled ideograph meaning sign “secret”
🈺	symbols	japanese “open for business” button japanese open for business button japanese opening hours orange-square 55b6 business” chinese cjk ideograph meaning operating sign squared u55b6 unified work “open
🈵	symbols	japanese “no vacancy” button japanese no vacancy button full chinese japanese red-square kanji 6e80 cjk fullness ideograph meaning sign squared u6e80 unified vacancy” “full; “no
🔴	symbols	red circle shape error danger geometric large
🟠	symbols	orange circle round geometric large
🟡	symbols	yellow circle round geometric large
🟢	symbols	green circle round geometric large
🔵	symbols	blue circle shape icon button geometric large
🟣	symbols	purple circle round geometric large
🟤	symbols	brown circle round geometric large
⚫	symbols	black circle shape button round geometric medium
⚪	symbols	white circle shape round geometric medium
🟥	symbols	red square card geometric large
🟧	symbols	orange square geometric large
🟨	symbols	yellow square card geometric large
🟩	symbols	green square geometric large
🟦	symbols	blue square geometric large
🟪	symbols	purple square geometric large
🟫	symbols	brown square geometric large
⬛	symbols	black large square shape icon button geometric
⬜	symbols	white large square shape icon stone button geometric
◼️	symbols	black medium square shape button icon geometric
◻️	symbols	white medium square shape stone icon geometric
◾	symbols	black medium-small square black medium small square icon shape button geometric
◽	symbols	white medium-small square white medium small square shape stone icon button geometric
▪️	symbols	black small square shape icon geometric
▫️	symbols	white small square shape icon geometric
🔶	symbols	large orange diamond shape jewel gem geometric
🔷	symbols	large blue diamond shape jewel gem geometric
🔸	symbols	small orange diamond shape jewel gem geometric
🔹	symbols	small blue diamond shape jewel gem geometric
🔺	symbols	red triangle pointed up shape direction up top geometric pointing small
🔻	symbols	red triangle pointed down shape direction bottom geometric pointing small
💠	symbols	diamond with a dot jewel blue gem crystal fancy comic cuteness flower geometric inside kawaii shape
🔘	symbols	radio button input old music circle geometric
🔳	symbols	white square button shape input geometric outlined
🔲	symbols	black square button shape input frame geometric
🏁	flags	chequered flag contest finishline race gokart checkered finish girl grid milestone racing
🚩	flags	triangular flag mark milestone place pole post red flag
🎌	flags	crossed flags japanese nation country border activity celebration cross flag two
🏴	flags	black flag pirate waving
🏳️	flags	white flag losing loser lost surrender give up fail waving
🏳️‍🌈	flags	rainbow flag flag rainbow pride gay lgbt queer homosexual lesbian bisexual
🏳️‍⚧️	flags	transgender flag transgender flag pride lgbtq blue lgbt light pink trans white
🏴‍☠️	flags	pirate flag skull crossbones flag banner jolly plunder roger treasure
🇦🇨	flags	flag: ascension island flag ascension island
🇦🇩	flags	flag: andorra flag andorra ad flag nation country banner andorra andorran
🇦🇪	flags	flag: united arab emirates flag united arab emirates united arab emirates flag nation country banner united arab emirates emirati uae
🇦🇫	flags	flag: afghanistan flag afghanistan af flag nation country banner afghanistan afghan
🇦🇬	flags	flag: antigua & barbuda flag antigua barbuda antigua barbuda flag nation country banner antigua barbuda
🇦🇮	flags	flag: anguilla flag anguilla ai flag nation country banner anguilla anguillan
🇦🇱	flags	flag: albania flag albania al flag nation country banner albania albanian
🇦🇲	flags	flag: armenia flag armenia am flag nation country banner armenia armenian
🇦🇴	flags	flag: angola flag angola ao flag nation country banner angola angolan
🇦🇶	flags	flag: antarctica flag antarctica aq flag nation country banner antarctica antarctic
🇦🇷	flags	flag: argentina flag argentina ar flag nation country banner argentina argentinian
🇦🇸	flags	flag: american samoa flag american samoa american ws flag nation country banner american samoa samoan
🇦🇹	flags	flag: austria flag austria at flag nation country banner austria austrian
🇦🇺	flags	flag: australia flag australia au flag nation country banner australia aussie australian heard mcdonald
🇦🇼	flags	flag: aruba flag aruba aw flag nation country banner aruba aruban
🇦🇽	flags	flag: åland islands flag aland islands åland islands flag nation country banner aland islands
🇦🇿	flags	flag: azerbaijan flag azerbaijan az flag nation country banner azerbaijan azerbaijani
🇧🇦	flags	flag: bosnia & herzegovina flag bosnia herzegovina bosnia herzegovina flag nation country banner bosnia herzegovina
🇧🇧	flags	flag: barbados flag barbados bb flag nation country banner barbados bajan barbadian
🇧🇩	flags	flag: bangladesh flag bangladesh bd flag nation country banner bangladesh bangladeshi
🇧🇪	flags	flag: belgium flag belgium be flag nation country banner belgium belgian
🇧🇫	flags	flag: burkina faso flag burkina faso burkina faso flag nation country banner burkina faso burkinabe
🇧🇬	flags	flag: bulgaria flag bulgaria bg flag nation country banner bulgaria bulgarian
🇧🇭	flags	flag: bahrain flag bahrain bh flag nation country banner bahrain bahrainian bahrani
🇧🇮	flags	flag: burundi flag burundi bi flag nation country banner burundi burundian
🇧🇯	flags	flag: benin flag benin bj flag nation country banner benin beninese
🇧🇱	flags	flag: st. barthélemy flag st barthelemy saint barthélemy flag nation country banner st barthelemy st.
🇧🇲	flags	flag: bermuda flag bermuda bm flag nation country banner bermuda bermudan flag
🇧🇳	flags	flag: brunei flag brunei bn darussalam flag nation country banner brunei bruneian
🇧🇴	flags	flag: bolivia flag bolivia bo flag nation country banner bolivia bolivian
🇧🇶	flags	flag: caribbean netherlands flag caribbean netherlands bonaire flag nation country banner caribbean netherlands eustatius saba sint
🇧🇷	flags	flag: brazil flag brazil br flag nation country banner brazil brasil brazilian for
🇧🇸	flags	flag: bahamas flag bahamas bs flag nation country banner bahamas bahamian
🇧🇹	flags	flag: bhutan flag bhutan bt flag nation country banner bhutan bhutanese
🇧🇻	flags	flag: bouvet island flag bouvet island norway
🇧🇼	flags	flag: botswana flag botswana bw flag nation country banner botswana batswana
🇧🇾	flags	flag: belarus flag belarus by flag nation country banner belarus belarusian
🇧🇿	flags	flag: belize flag belize bz flag nation country banner belize belizean
🇨🇦	flags	flag: canada flag canada ca flag nation country banner canada canadian
🇨🇨	flags	flag: cocos (keeling) islands flag cocos islands cocos keeling islands flag nation country banner cocos islands island
🇨🇩	flags	flag: congo - kinshasa flag congo kinshasa congo democratic republic flag nation country banner congo kinshasa drc
🇨🇫	flags	flag: central african republic flag central african republic central african republic flag nation country banner central african republic
🇨🇬	flags	flag: congo - brazzaville flag congo brazzaville congo flag nation country banner congo brazzaville republic
🇨🇭	flags	flag: switzerland flag switzerland ch flag nation country banner switzerland cross red swiss
🇨🇮	flags	flag: côte d’ivoire flag cote d ivoire ivory coast flag nation country banner cote d ivoire côte divoire d’ivoire
🇨🇰	flags	flag: cook islands flag cook islands cook islands flag nation country banner cook islands island islander
🇨🇱	flags	flag: chile flag chile flag nation country banner chile chilean
🇨🇲	flags	flag: cameroon flag cameroon cm flag nation country banner cameroon cameroonian
🇨🇳	flags	flag: china flag china china chinese prc flag country nation banner cn indicator letters regional symbol
🇨🇴	flags	flag: colombia flag colombia co flag nation country banner colombia colombian
🇨🇵	flags	flag: clipperton island flag clipperton island
🇨🇶	flags	flag: sark flag sark cq flag banner
🇨🇷	flags	flag: costa rica flag costa rica costa rica flag nation country banner costa rica rican
🇨🇺	flags	flag: cuba flag cuba cu flag nation country banner cuba cuban
🇨🇻	flags	flag: cape verde flag cape verde cabo verde flag nation country banner cape verde verdian
🇨🇼	flags	flag: curaçao flag curacao curaçao flag nation country banner curacao antilles curaçaoan
🇨🇽	flags	flag: christmas island flag christmas island christmas island flag nation country banner christmas island
🇨🇾	flags	flag: cyprus flag cyprus cy flag nation country banner cyprus cypriot
🇨🇿	flags	flag: czechia flag czechia cz flag nation country banner czechia czech republic
🇩🇪	flags	flag: germany flag germany german nation flag country banner germany de deutsch indicator letters regional symbol
🇩🇬	flags	flag: diego garcia flag diego garcia
🇩🇯	flags	flag: djibouti flag djibouti dj flag nation country banner djibouti djiboutian
🇩🇰	flags	flag: denmark flag denmark dk flag nation country banner denmark danish
🇩🇲	flags	flag: dominica flag dominica dm flag nation country banner dominica
🇩🇴	flags	flag: dominican republic flag dominican republic dominican republic flag nation country banner dominican republic dom rep
🇩🇿	flags	flag: algeria flag algeria dz flag nation country banner algeria algerian
🇪🇦	flags	flag: ceuta & melilla flag ceuta melilla
🇪🇨	flags	flag: ecuador flag ecuador ec flag nation country banner ecuador ecuadorian
🇪🇪	flags	flag: estonia flag estonia ee flag nation country banner estonia estonian
🇪🇬	flags	flag: egypt flag egypt eg flag nation country banner egypt egyptian
🇪🇭	flags	flag: western sahara flag western sahara western sahara flag nation country banner western sahara saharan west
🇪🇷	flags	flag: eritrea flag eritrea er flag nation country banner eritrea eritrean
🇪🇸	flags	flag: spain flag spain spain flag nation country banner ceuta es indicator letters melilla regional spanish symbol
🇪🇹	flags	flag: ethiopia flag ethiopia et flag nation country banner ethiopia ethiopian
🇪🇺	flags	flag: european union flag european union european union flag banner eu
🇫🇮	flags	flag: finland flag finland fi flag nation country banner finland finnish
🇫🇯	flags	flag: fiji flag fiji fj flag nation country banner fiji fijian
🇫🇰	flags	flag: falkland islands flag falkland islands falkland islands malvinas flag nation country banner falkland islands falklander falklands island islas
🇫🇲	flags	flag: micronesia flag micronesia micronesia federated states flag nation country banner micronesian
🇫🇴	flags	flag: faroe islands flag faroe islands faroe islands flag nation country banner faroe islands island islander
🇫🇷	flags	flag: france flag france banner flag nation france french country clipperton fr indicator island letters martin regional saint st. symbol
🇬🇦	flags	flag: gabon flag gabon ga flag nation country banner gabon gabonese
🇬🇧	flags	flag: united kingdom flag united kingdom united kingdom great britain northern ireland flag nation country banner british uk english england union jack united kingdom cornwall gb scotland wales
🇬🇩	flags	flag: grenada flag grenada gd flag nation country banner grenada grenadian
🇬🇪	flags	flag: georgia flag georgia ge flag nation country banner georgia georgian
🇬🇫	flags	flag: french guiana flag french guiana french guiana flag nation country banner french guiana guinean
🇬🇬	flags	flag: guernsey flag guernsey gg flag nation country banner guernsey
🇬🇭	flags	flag: ghana flag ghana gh flag nation country banner ghana ghanaian
🇬🇮	flags	flag: gibraltar flag gibraltar gi flag nation country banner gibraltar gibraltarian
🇬🇱	flags	flag: greenland flag greenland gl flag nation country banner greenland greenlandic
🇬🇲	flags	flag: gambia flag gambia gm flag nation country banner gambia gambian flag
🇬🇳	flags	flag: guinea flag guinea gn flag nation country banner guinea guinean
🇬🇵	flags	flag: guadeloupe flag guadeloupe gp flag nation country banner guadeloupe guadeloupean
🇬🇶	flags	flag: equatorial guinea flag equatorial guinea equatorial gn flag nation country banner equatorial guinea equatoguinean guinean
🇬🇷	flags	flag: greece flag greece gr flag nation country banner greece greek
🇬🇸	flags	flag: south georgia & south sandwich islands flag south georgia south sandwich islands south georgia sandwich islands flag nation country banner south georgia south sandwich islands island
🇬🇹	flags	flag: guatemala flag guatemala gt flag nation country banner guatemala guatemalan
🇬🇺	flags	flag: guam flag guam gu flag nation country banner guam chamorro guamanian
🇬🇼	flags	flag: guinea-bissau flag guinea bissau gw bissau flag nation country banner guinea bissau
🇬🇾	flags	flag: guyana flag guyana gy flag nation country banner guyana guyanese
🇭🇰	flags	flag: hong kong sar china flag hong kong sar china hong kong flag nation country banner hong kong sar china
🇭🇲	flags	flag: heard & mcdonald islands flag heard mcdonald islands
🇭🇳	flags	flag: honduras flag honduras hn flag nation country banner honduras honduran
🇭🇷	flags	flag: croatia flag croatia hr flag nation country banner croatia croatian
🇭🇹	flags	flag: haiti flag haiti ht flag nation country banner haiti haitian
🇭🇺	flags	flag: hungary flag hungary hu flag nation country banner hungary hungarian
🇮🇨	flags	flag: canary islands flag canary islands canary islands flag nation country banner canary islands island
🇮🇩	flags	flag: indonesia flag indonesia flag nation country banner indonesia indonesian
🇮🇪	flags	flag: ireland flag ireland ie flag nation country banner ireland irish flag
🇮🇱	flags	flag: israel flag israel il flag nation country banner israel israeli
🇮🇲	flags	flag: isle of man flag isle of man isle man flag nation country banner isle of man manx
🇮🇳	flags	flag: india flag india in flag nation country banner india indian
🇮🇴	flags	flag: british indian ocean territory flag british indian ocean territory british indian ocean territory flag nation country banner british indian ocean territory chagos diego garcia island
🇮🇶	flags	flag: iraq flag iraq iq flag nation country banner iraq iraqi
🇮🇷	flags	flag: iran flag iran iran islamic republic flag nation country banner iranian flag
🇮🇸	flags	flag: iceland flag iceland is flag nation country banner iceland icelandic
🇮🇹	flags	flag: italy flag italy italy flag nation country banner indicator italian letters regional symbol
🇯🇪	flags	flag: jersey flag jersey je flag nation country banner jersey
🇯🇲	flags	flag: jamaica flag jamaica jm flag nation country banner jamaica jamaican flag
🇯🇴	flags	flag: jordan flag jordan jo flag nation country banner jordan jordanian
🇯🇵	flags	flag: japan flag japan japanese nation flag country banner japan jp ja indicator letters regional symbol
🇰🇪	flags	flag: kenya flag kenya ke flag nation country banner kenya kenyan
🇰🇬	flags	flag: kyrgyzstan flag kyrgyzstan kg flag nation country banner kyrgyzstan kyrgyzstani
🇰🇭	flags	flag: cambodia flag cambodia kh flag nation country banner cambodia cambodian
🇰🇮	flags	flag: kiribati flag kiribati ki flag nation country banner kiribati i
🇰🇲	flags	flag: comoros flag comoros km flag nation country banner comoros comoran
🇰🇳	flags	flag: st. kitts & nevis flag st kitts nevis saint kitts nevis flag nation country banner st kitts nevis st.
🇰🇵	flags	flag: north korea flag north korea north korea nation flag country banner north korea korean
🇰🇷	flags	flag: south korea flag south korea south korea nation flag country banner south korea indicator korean kr letters regional symbol
🇰🇼	flags	flag: kuwait flag kuwait kw flag nation country banner kuwait kuwaiti
🇰🇾	flags	flag: cayman islands flag cayman islands cayman islands flag nation country banner cayman islands caymanian island
🇰🇿	flags	flag: kazakhstan flag kazakhstan kz flag nation country banner kazakhstan kazakh kazakhstani
🇱🇦	flags	flag: laos flag laos lao democratic republic flag nation country banner laos laotian
🇱🇧	flags	flag: lebanon flag lebanon lb flag nation country banner lebanon lebanese
🇱🇨	flags	flag: st. lucia flag st lucia saint lucia flag nation country banner st lucia st.
🇱🇮	flags	flag: liechtenstein flag liechtenstein li flag nation country banner liechtenstein liechtensteiner
🇱🇰	flags	flag: sri lanka flag sri lanka sri lanka flag nation country banner sri lanka lankan
🇱🇷	flags	flag: liberia flag liberia lr flag nation country banner liberia liberian
🇱🇸	flags	flag: lesotho flag lesotho ls flag nation country banner lesotho basotho
🇱🇹	flags	flag: lithuania flag lithuania lt flag nation country banner lithuania lithuanian
🇱🇺	flags	flag: luxembourg flag luxembourg lu flag nation country banner luxembourg luxembourger
🇱🇻	flags	flag: latvia flag latvia lv flag nation country banner latvia latvian
🇱🇾	flags	flag: libya flag libya ly flag nation country banner libya libyan
🇲🇦	flags	flag: morocco flag morocco ma flag nation country banner morocco moroccan
🇲🇨	flags	flag: monaco flag monaco mc flag nation country banner monaco monégasque
🇲🇩	flags	flag: moldova flag moldova moldova republic flag nation country banner moldovan
🇲🇪	flags	flag: montenegro flag montenegro me flag nation country banner montenegro montenegrin
🇲🇫	flags	flag: st. martin flag st martin st.
🇲🇬	flags	flag: madagascar flag madagascar mg flag nation country banner madagascar madagascan
🇲🇭	flags	flag: marshall islands flag marshall islands marshall islands flag nation country banner marshall islands island marshallese
🇲🇰	flags	flag: north macedonia flag north macedonia macedonia flag nation country banner north macedonia macedonian
🇲🇱	flags	flag: mali flag mali ml flag nation country banner mali malian
🇲🇲	flags	flag: myanmar (burma) flag myanmar mm flag nation country banner myanmar burma burmese for myanmarese flag
🇲🇳	flags	flag: mongolia flag mongolia mn flag nation country banner mongolia mongolian
🇲🇴	flags	flag: macao sar china flag macao sar china macao flag nation country banner macao sar china macanese flag macau
🇲🇵	flags	flag: northern mariana islands flag northern mariana islands northern mariana islands flag nation country banner northern mariana islands island micronesian north
🇲🇶	flags	flag: martinique flag martinique mq flag nation country banner martinique martiniquais flag of martinique snake
🇲🇷	flags	flag: mauritania flag mauritania mr flag nation country banner mauritania mauritanian
🇲🇸	flags	flag: montserrat flag montserrat ms flag nation country banner montserrat montserratian
🇲🇹	flags	flag: malta flag malta mt flag nation country banner malta maltese
🇲🇺	flags	flag: mauritius flag mauritius mu flag nation country banner mauritius mauritian
🇲🇻	flags	flag: maldives flag maldives mv flag nation country banner maldives maldivian
🇲🇼	flags	flag: malawi flag malawi mw flag nation country banner malawi malawian flag
🇲🇽	flags	flag: mexico flag mexico mx flag nation country banner mexico mexican
🇲🇾	flags	flag: malaysia flag malaysia my flag nation country banner malaysia malaysian
🇲🇿	flags	flag: mozambique flag mozambique mz flag nation country banner mozambique mozambican
🇳🇦	flags	flag: namibia flag namibia na flag nation country banner namibia namibian
🇳🇨	flags	flag: new caledonia flag new caledonia new caledonia flag nation country banner new caledonia caledonian
🇳🇪	flags	flag: niger flag niger ne flag nation country banner niger nigerien flag
🇳🇫	flags	flag: norfolk island flag norfolk island norfolk island flag nation country banner norfolk island
🇳🇬	flags	flag: nigeria flag nigeria flag nation country banner nigeria nigerian
🇳🇮	flags	flag: nicaragua flag nicaragua ni flag nation country banner nicaragua nicaraguan
🇳🇱	flags	flag: netherlands flag netherlands nl flag nation country banner netherlands dutch
🇳🇴	flags	flag: norway flag norway no flag nation country banner norway bouvet jan mayen norwegian svalbard
🇳🇵	flags	flag: nepal flag nepal np flag nation country banner nepal nepalese
🇳🇷	flags	flag: nauru flag nauru nr flag nation country banner nauru nauruan
🇳🇺	flags	flag: niue flag niue nu flag nation country banner niue niuean
🇳🇿	flags	flag: new zealand flag new zealand new zealand flag nation country banner new zealand kiwi
🇴🇲	flags	flag: oman flag oman om symbol flag nation country banner oman omani
🇵🇦	flags	flag: panama flag panama pa flag nation country banner panama panamanian
🇵🇪	flags	flag: peru flag peru pe flag nation country banner peru peruvian
🇵🇫	flags	flag: french polynesia flag french polynesia french polynesia flag nation country banner french polynesia polynesian
🇵🇬	flags	flag: papua new guinea flag papua new guinea papua new guinea flag nation country banner papua new guinea guinean png
🇵🇭	flags	flag: philippines flag philippines ph flag nation country banner philippines
🇵🇰	flags	flag: pakistan flag pakistan pk flag nation country banner pakistan pakistani
🇵🇱	flags	flag: poland flag poland pl flag nation country banner poland polish
🇵🇲	flags	flag: st. pierre & miquelon flag st pierre miquelon saint pierre miquelon flag nation country banner st pierre miquelon st.
🇵🇳	flags	flag: pitcairn islands flag pitcairn islands pitcairn flag nation country banner pitcairn islands island
🇵🇷	flags	flag: puerto rico flag puerto rico puerto rico flag nation country banner puerto rico rican
🇵🇸	flags	flag: palestinian territories flag palestinian territories palestine palestinian territories flag nation country banner palestinian territories
🇵🇹	flags	flag: portugal flag portugal pt flag nation country banner portugal portugese
🇵🇼	flags	flag: palau flag palau pw flag nation country banner palau palauan
🇵🇾	flags	flag: paraguay flag paraguay py flag nation country banner paraguay paraguayan
🇶🇦	flags	flag: qatar flag qatar qa flag nation country banner qatar qatari
🇷🇪	flags	flag: réunion flag reunion réunion flag nation country banner reunion réunionnais
🇷🇴	flags	flag: romania flag romania ro flag nation country banner romania romanian
🇷🇸	flags	flag: serbia flag serbia rs flag nation country banner serbia serbian flag
🇷🇺	flags	flag: russia flag russia russian federation flag nation country banner russia indicator letters regional ru symbol
🇷🇼	flags	flag: rwanda flag rwanda rw flag nation country banner rwanda rwandan
🇸🇦	flags	flag: saudi arabia flag saudi arabia flag nation country banner saudi arabia arabian flag
🇸🇧	flags	flag: solomon islands flag solomon islands solomon islands flag nation country banner solomon islands island islander flag
🇸🇨	flags	flag: seychelles flag seychelles sc flag nation country banner seychelles seychellois flag
🇸🇩	flags	flag: sudan flag sudan sd flag nation country banner sudan sudanese
🇸🇪	flags	flag: sweden flag sweden se flag nation country banner sweden swedish
🇸🇬	flags	flag: singapore flag singapore sg flag nation country banner singapore singaporean
🇸🇭	flags	flag: st. helena flag st helena saint helena ascension tristan cunha flag nation country banner st helena st.
🇸🇮	flags	flag: slovenia flag slovenia si flag nation country banner slovenia slovenian
🇸🇯	flags	flag: svalbard & jan mayen flag svalbard jan mayen
🇸🇰	flags	flag: slovakia flag slovakia sk flag nation country banner slovakia slovakian slovak flag
🇸🇱	flags	flag: sierra leone flag sierra leone sierra leone flag nation country banner sierra leone leonean
🇸🇲	flags	flag: san marino flag san marino san marino flag nation country banner san marino sammarinese
🇸🇳	flags	flag: senegal flag senegal sn flag nation country banner senegal sengalese
🇸🇴	flags	flag: somalia flag somalia so flag nation country banner somalia somalian flag
🇸🇷	flags	flag: suriname flag suriname sr flag nation country banner suriname surinamer
🇸🇸	flags	flag: south sudan flag south sudan south sd flag nation country banner south sudan sudanese flag
🇸🇹	flags	flag: são tomé & príncipe flag sao tome principe sao tome principe flag nation country banner sao tome principe príncipe são tomé
🇸🇻	flags	flag: el salvador flag el salvador el salvador flag nation country banner el salvador salvadoran
🇸🇽	flags	flag: sint maarten flag sint maarten sint maarten dutch flag nation country banner sint maarten
🇸🇾	flags	flag: syria flag syria syrian arab republic flag nation country banner syria
🇸🇿	flags	flag: eswatini flag eswatini sz flag nation country banner eswatini swaziland
🇹🇦	flags	flag: tristan da cunha flag tristan da cunha
🇹🇨	flags	flag: turks & caicos islands flag turks caicos islands turks caicos islands flag nation country banner turks caicos islands island
🇹🇩	flags	flag: chad flag chad td flag nation country banner chad chadian
🇹🇫	flags	flag: french southern territories flag french southern territories french southern territories flag nation country banner french southern territories antarctic lands
🇹🇬	flags	flag: togo flag togo tg flag nation country banner togo togolese
🇹🇭	flags	flag: thailand flag thailand th flag nation country banner thailand thai
🇹🇯	flags	flag: tajikistan flag tajikistan tj flag nation country banner tajikistan tajik
🇹🇰	flags	flag: tokelau flag tokelau tk flag nation country banner tokelau tokelauan
🇹🇱	flags	flag: timor-leste flag timor leste timor leste flag nation country banner timor leste east leste flag timorese
🇹🇲	flags	flag: turkmenistan flag turkmenistan flag nation country banner turkmenistan turkmen
🇹🇳	flags	flag: tunisia flag tunisia tn flag nation country banner tunisia tunisian
🇹🇴	flags	flag: tonga flag tonga to flag nation country banner tonga tongan flag
🇹🇷	flags	flag: türkiye flag turkey turkey flag nation country banner tr turkish flag türkiye
🇹🇹	flags	flag: trinidad & tobago flag trinidad tobago trinidad tobago flag nation country banner trinidad tobago
🇹🇻	flags	flag: tuvalu flag tuvalu flag nation country banner tuvalu tuvaluan
🇹🇼	flags	flag: taiwan flag taiwan tw flag nation country banner taiwan china taiwanese
🇹🇿	flags	flag: tanzania flag tanzania tanzania united republic flag nation country banner tanzanian
🇺🇦	flags	flag: ukraine flag ukraine ua flag nation country banner ukraine ukrainian
🇺🇬	flags	flag: uganda flag uganda ug flag nation country banner uganda ugandan flag
🇺🇲	flags	flag: u.s. outlying islands flag u s outlying islands u.s. us
🇺🇳	flags	flag: united nations flag united nations un flag banner
🇺🇸	flags	flag: united states flag united states united states america flag nation country banner united states american indicator islands letters outlying regional symbol us usa
🇺🇾	flags	flag: uruguay flag uruguay uy flag nation country banner uruguay uruguayan
🇺🇿	flags	flag: uzbekistan flag uzbekistan uz flag nation country banner uzbekistan uzbek uzbekistani
🇻🇦	flags	flag: vatican city flag vatican city vatican city flag nation country banner vatican city vanticanien
🇻🇨	flags	flag: st. vincent & grenadines flag st vincent grenadines saint vincent grenadines flag nation country banner st vincent grenadines st.
🇻🇪	flags	flag: venezuela flag venezuela ve bolivarian republic flag nation country banner venezuela venezuelan
🇻🇬	flags	flag: british virgin islands flag british virgin islands british virgin islands bvi flag nation country banner british virgin islands island islander
🇻🇮	flags	flag: u.s. virgin islands flag u s virgin islands virgin islands us flag nation country banner u s virgin islands america island islander states u.s. united usa
🇻🇳	flags	flag: vietnam flag vietnam viet nam flag nation country banner vietnam vietnamese
🇻🇺	flags	flag: vanuatu flag vanuatu vu flag nation country banner vanuatu ni vanuatu flag
🇼🇫	flags	flag: wallis & futuna flag wallis futuna wallis futuna flag nation country banner wallis futuna
🇼🇸	flags	flag: samoa flag samoa ws flag nation country banner samoa samoan flag
🇽🇰	flags	flag: kosovo flag kosovo xk flag nation country banner kosovo kosovar
🇾🇪	flags	flag: yemen flag yemen ye flag nation country banner yemen yemeni flag
🇾🇹	flags	flag: mayotte flag mayotte yt flag nation country banner mayotte
🇿🇦	flags	flag: south africa flag south africa south africa flag nation country banner south africa african flag
🇿🇲	flags	flag: zambia flag zambia zm flag nation country banner zambia zambian
🇿🇼	flags	flag: zimbabwe flag zimbabwe zw flag nation country banner zimbabwe zim zimbabwean flag
🏴󠁧󠁢󠁥󠁮󠁧󠁿	flags	flag: england flag england flag english cross george's st
🏴󠁧󠁢󠁳󠁣󠁴󠁿	flags	flag: scotland flag scotland flag scottish andrew's cross saltire st
🏴󠁧󠁢󠁷󠁬󠁳󠁿	flags	flag: wales flag wales flag welsh baner cymru ddraig dragon goch red y
